run_id,target,rank,global_seq_id,tier,seq_id,acquisition_policy,acquisition_score,af2_label,soluprot,sequence
paper_surrogate_pooled9999_strict_20260520_cath_train_1a6jA00,1a6jA00,1,tier30_02928_target_s02968,30,target:s02968,ridge,97.13987731933594,95.18653333333334,0.6308814261663024,LDISDVLSLENVKTNVEVDSKKEALELIAELAAKQLGVEPKEVLEAILTREKMGSTGIGGGVAIPHGKGPASYKRTVGVFLKLKKPIAFDAVDGEPVDLLFALIIPEDRVEEHLALLSAVRARLSDPALRARLRAATSDEELYALFTGRG
paper_surrogate_pooled9999_strict_20260520_cath_train_1a6jA00,1a6jA00,2,tier30_03142_target_s03185,30,target:s03185,ridge,96.98921966552734,95.37386666666669,0.6916831527548228,LDLSDVLSLKNTKVNVEVNSKKEALELISELAAKELNLPPEKVLEAILTREKMGSTGIGDGVAIPHGKGPASLGRTVGVFVKLKTPIAFDAVDGKPVDLFFALIIPSNREEEHLKVLSAVKEKLSDPELRAKLRAAKTAEELYKLFTGKG
paper_surrogate_pooled9999_strict_20260520_cath_train_1a6jA00,1a6jA00,3,tier30_02117_target_s02143,30,target:s02143,ridge,96.54791259765625,93.49713333333335,0.7166693527514957,LDLSDVLSLKNVRVNVEVDSKKEALELLAELAAKELNVPAEKVLEAILTREKMGSTGIGDGVAVPHGKLEDSYKRTVGVFLKLKKPIAFDAVDGKPVDLLFGLIIPKNMEEEHLEVLSAVRERLSDPELREKLRAAKTAEELYRLFTGKG
paper_surrogate_pooled9999_strict_20260520_cath_train_1a6jA00,1a6jA00,4,tier50_01926_target_s01926,50,target:s01926,ridge,96.45510864257812,94.2482,0.6364525402815664,LDLSDVLSRENVRVNVEVDSKKRALELISELAAKELSLPPEVVFEAILTREKMGSTGIGNGIAIPHGKLDASAKRTVGVFVKLKKPIAFDAVDGQPVDLFFALLIPADQTEAHLHTLSAVAKKLADPALRERLRAAKTAEELYALITDKE
paper_surrogate_pooled9999_strict_20260520_cath_train_1a6jA00,1a6jA00,5,tier30_02915_target_s02955,30,target:s02955,ridge,96.43828582763672,94.50279999999997,0.72258757648594,LDLSDVLSLENTLVNVKVESKKEALRLLSERAAKALNLPPEEVLKAILTREKMGSTGIGDGVAVPHGKLDKSVGRTVGVFLKLEKPIAFDAVDGKPVDLLFGLLIPSDREEEHLAVLSAVRERLSDPELRERLRAAKTDEELYALLTGRG
paper_surrogate_pooled9999_strict_20260520_cath_train_1a6jA00,1a6jA00,6,tier30_01978_target_s02004,30,target:s02004,ridge,96.41822814941406,94.09440000000004,0.6565596258223505,LDLSDVLSLENTKVNVEVDSKKEALRLISELAAKQLNVKPEEVLEAILTREKMGSTGIGGGVAVPHGKLKASYKRTVGVFLKLKKPIAFDAVDGQPVDLLFALIVPENQEEEHLAVLSAVRARLSDPALRERLRAAKTAEELYALFTGKR
paper_surrogate_pooled9999_strict_20260520_cath_train_1a6jA00,1a6jA00,7,tier30_00722_target_s00730,30,target:s00730,ridge,96.39476013183594,95.67346666666663,0.5600422020998552,LDLSDVLSLSTTAVNVKVKSKKELLEYIAELAAKELNVKPEEVLKAILTREKMGSTGIGDGVAIPHGKGPASYGKTVGVFVKLAEPIAFDAVDGQPVDLVFGLIIPSNMEEEHLQVLSAVRARLSDPALRAALRAAKSAEELYALFTGRG
paper_surrogate_pooled9999_strict_20260520_cath_train_1a6jA00,1a6jA00,8,tier30_02888_target_s02928,30,target:s02928,ridge,96.25177001953125,95.15539999999996,0.6327424280945549,LDLSDVLSLSTTKVNVEVKSKKEALELMAELAAKELNVEPEVVLEAILTREKMGSTGIGGGVALPHGKGPKEWGRTVGVFLKLKTPIAFDAVDGQPVDLLFGLIIPEDQEEAHLAVLSAVRAKLADPELRAKLRAAKTAEELYKLFTGKG
paper_surrogate_pooled9999_strict_20260520_cath_train_1a6jA00,1a6jA00,9,tier30_03175_target_s03218,30,target:s03218,ridge,96.17288208007812,95.44893333333333,0.5656193249329814,LDLSDVLSLSTTLVNVKVSSKKELLRLIAELAAKELNVKPEEVLEAILTREKMGSTGIGGGVAVPHGKGPDSYGRTVGVFVKLATPIAFDAVDGQPVDLVFALIIPKNQEEEHLAVLSAVRARLSDPALRARLRAATSAEELYALFTGRG
paper_surrogate_pooled9999_strict_20260520_cath_train_1a6jA00,1a6jA00,10,tier30_01118_target_s01131,30,target:s01131,ridge,96.1648941040039,94.80619999999999,0.6155415353077631,LDLSDVLSLSTVRNNVKVKSKKEALELMAELAAKELGVEPKEVLEAILTREKMGSTGIGGGVAVPHGKGPDSYGRTVGVFLKLAEPIAFDAVDGEPVDLLFGLIIPSNQEEEHLAVLSAVRARLADPALRARLRAAKTDEELYALLTGKA
paper_surrogate_pooled9999_strict_20260520_cath_train_1a6jA00,1a6jA00,11,tier30_03272_target_s03317,30,target:s03317,ridge,96.16151428222656,94.90473333333334,0.6673003248270916,LDLSDVLSLENTKVNVKVKSKKEALELLAELAAKQLGVEPKEVLEAILTREKMGSTGIGDGVAVPHGKGPDSYGRTVGVFLKLAEPIAFDAVDGKPVDLLFGLIIPANREEEHLAVLSAVKAKLSDPELRAKLRAAKTAEELYKLFTGKE
paper_surrogate_pooled9999_strict_20260520_cath_train_1a6jA00,1a6jA00,12,tier30_02205_target_s02235,30,target:s02235,ridge,96.15966033935547,95.05193333333335,0.5854854688455048,LDLADVLSLSTTAVNVKVNSKKEALEYISELAAKELNVKPEEVLEAILTREKMGSTGIGGGVAVPHGKGKKEYKRTVGVFVRLATPIAFDAVDGQPVDLLFALIIPEDMEEEHLAVLSAVRARLSDPALRARLRAARTAEELYALFTGRA
paper_surrogate_pooled9999_strict_20260520_cath_train_1a6jA00,1a6jA00,13,tier30_00652_target_s00660,30,target:s00660,ridge,96.15165710449219,95.61146666666664,0.6044400174193627,LDLSDVLSLENTKVNVEVDSKKEALELMAELAAKQLGVPAEEVLEAILTREKMGSTGIGGGVAIPHGKGPASWGRTVGVFLKLKKPIAFDAVDGQPVDLLFGLIIPEDQEEAHLAVLSAVRARLSDPELRARLRAAESAEELYALFTGKG
paper_surrogate_pooled9999_strict_20260520_cath_train_1a6jA00,1a6jA00,14,tier30_00776_target_s00786,30,target:s00786,ridge,96.15038299560547,94.40953333333336,0.5336158797056682,LDLSDVLSLANTRVNVEVDSKKEALELIAELAAKELGVEPEEVLEAILTREKMGSTGIGGGVAVPHGKGPASLGRTVGVFVKLKKPIAFDAVDGQPVDLLFGLIIPEDQEAAHLAVLSAVRARLADPALRAALRAAKTAEELYALFTGKA
paper_surrogate_pooled9999_strict_20260520_cath_train_1a6jA00,1a6jA00,15,tier30_01038_target_s01050,30,target:s01050,ridge,96.13386535644531,95.44459999999994,0.6655218692120595,LDLSDVLSLSQVRNNVEVDSKKEALRLIAELAAKELGVPPEEVLKAILTREKMGSTGIGDGVAIPHGKGPASYGRTVGVFVRLAKPIAFDAVDGKPVDLLFALIIPEDKEEEHLAVLSAVRERLSDPALRERLRAAKTDEELYALFTGKG
paper_surrogate_pooled9999_strict_20260520_cath_train_1a6jA00,1a6jA00,16,tier30_01781_target_s01802,30,target:s01802,ridge,96.09253692626953,95.1674666666667,0.7163985353657422,LDLSDVLSLSNTKVNVEVKSKKEALELMAELAAKELNVPPEEVLKAILTREKMGSTGIGDGVAIPHGKGPASLKKTVGVFLKLKEPIAFDAVDGKPVDLLFGLIVPSNQEEEHLKVLSAVKEKLSDPELREKLRAAESDEELYALFTGKG
paper_surrogate_pooled9999_strict_20260520_cath_train_1a6jA00,1a6jA00,17,tier30_01233_target_s01248,30,target:s01248,ridge,96.08917999267578,94.03413333333333,0.6673003248270916,LDLSDVLSRENTLTNVKVDSKKELLRLISELAAKSLNVPAEEVLKAILTREKMGSTGIGDGVAIPHGKLKSSYKRTVGVFVKLATPIAFDAVDGKPVDLVFALIIPEDREEEHLAVLSAVRARLSDPALRARLRAATSDEELYRLFTGRG
paper_surrogate_pooled9999_strict_20260520_cath_train_1a6jA00,1a6jA00,18,tier30_02101_target_s02127,30,target:s02127,ridge,96.08320617675781,93.80079999999997,0.6833766627076778,LDLSDVLSLENVKNNVEVSSKKEALRLLSELAAKALNVPAEEVYKAILTREKMGSTGIGDGVAIPHGKLKDSYGKTVGVFLKLKTPIAFDAVDGKPVDLLFGLIIPSNKEEEHLKVLSAVKSKLSDPELRAKLRAAKSDEELYALFTGKG
paper_surrogate_pooled9999_strict_20260520_cath_train_1a6jA00,1a6jA00,19,tier30_01348_target_s01364,30,target:s01364,ridge,96.0754165649414,93.62233333333336,0.6438239068707556,LDLSDVLSLENTRVNVKVDSKKEALELIAELAAKQLNVPPEEVLKAILTREKMGSTGIGGGVAVPHGKLEDSYGRTVGVFVKLETPIAFDAVDGQPVDLLFALIIPRNMEEEHLEVLSAVRARLADPELRERLRAARTAEELYALFTGRG
paper_surrogate_pooled9999_strict_20260520_cath_train_1a6jA00,1a6jA00,20,tier30_02324_target_s02358,30,target:s02358,ridge,96.0621109008789,95.52640000000002,0.7212492303092667,LDLSDVLSLSNTLTNVEVDSKKEALELIAELAAKELGVKPEEVLEAILTREKMGSTGIGNGVALPHGKGPKSYGRTVGVFVKLKKPIAFDAVDGKPVDLLFGLIIPEDREEEHLEVLSAVRERLSDPALREKLRAAKTDEELYALLTGKG
paper_surrogate_pooled9999_strict_20260520_cath_train_1a8rG01,1a8rG01,1,tier50_02365_target_s02365,50,target:s02365,ridge,97.32174682617188,95.92443438914027,0.7163311130766552,PGLSEEAKKVLEALKKAGLLTPVRPPVHDVPDEVRIEEIAEEVRKIMEELNLDLSDDSLKDTPYRIAKMYVLERFRGLDPRNFPKITLIPNKANVKEMIIVSNIPLESVCESHLSTITGTATVAYIPDKNVIGLSKINRIVQYFAHRPQVQERLTQQILVALQTLLETDNVAVAITARHDCVRNRGIKDLNSTTTTISLGGKFLEDEETRNEFLNAVRHHN
paper_surrogate_pooled9999_strict_20260520_cath_train_1a8rG01,1a8rG01,2,tier50_00886_target_s00886,50,target:s00886,ridge,97.2743911743164,95.84533936651586,0.7612998254661273,PGLSEEAKKVLEALRKAGLLTPVRPPVHDVPDEIRIKEIAEKVRKIMESLNLDLSDDSLKDTPERIAKMYVLERFKGLDPRNFPKITLIPNKEKVREMIIVSNIPLESVCESHLETITGKATVAYIPKEKVIGLSKINRIVQYFAHRPQVQERLTKQILVALQTLLGTEDVAVAIEAVHDCVRNRGIKDKNSTTVTYALGGKFKTDEKTRNEFLESVRHHN
paper_surrogate_pooled9999_strict_20260520_cath_train_1a8rG01,1a8rG01,3,tier50_02849_target_s02849,50,target:s02849,ridge,97.09700775146484,95.67950226244345,0.7368193876476808,PGLSEEAKKVLEALKKAGLLTPVRPPVHDVPDEVRIEEIAEKVREIMKSLNLDLSDDSLKDTPYRIAKMYVLERFRGLDPRNFPKITLIPNKANVKEMIIVSNIPLESTCESHLETITGTATVAYIPEKNVIGLSKINRIVQYFAHRPQVQERLTKQILVALQTLLGTDNVAVAIEAVHDCVRNRGIKDKNSTTLTVSLGGKFKTDEKTRNEFLNKVRHHN
paper_surrogate_pooled9999_strict_20260520_cath_train_1a8rG01,1a8rG01,4,tier50_02016_target_s02016,50,target:s02016,ridge,97.05662536621094,95.78484162895923,0.7976359053075874,PGLSEEAIKVEKALREAGLLTPVRPPVHDIPDEVRIKEIAEEVRKIMESLNLDLSDDSLKDTPERIAKMYVNEKFRGLDFRNFPKITLIDNKKNVKEMIIVDNIPLESTCESHLETITGKATVAYIPDKKVIGLSKINRIVQYFAHRPQVQERLTQQILVALQTLLETDNVAVSIIARHDCVRNRGIKDKNSVTETHSLGGKFKEDEKTRNEFLNKVRHHN
paper_surrogate_pooled9999_strict_20260520_cath_train_1a8rG01,1a8rG01,5,tier50_02232_target_s02232,50,target:s02232,ridge,97.02100372314453,95.91868778280538,0.7461855941587421,PGLSEEAKRVLKALEEKGLMTPVRPPVHDIPDEIRIEEIAEEVRKIMESLNLDLSDDSLKDTPYRIAKMYVLERFRGLDPRNFPKITLIDNKANVKEMIIVDNIPLESVCESHLETITGKATVAYIPKDKVIGLSKVNRIVQYFAHRPQVQERLTQQILVALQTLLGTENVAVAIEAVHSCVSERGIKDKTSTTLTISLGGEFKTNEKTRNEFLNRVRHHN
paper_surrogate_pooled9999_strict_20260520_cath_train_1a8rG01,1a8rG01,6,tier50_00228_target_s00228,50,target:s00228,ridge,97.008544921875,95.88018099547511,0.7480663262157389,PGLSEEAKKVLEALRKKGLLTPVRPPVHDVPDEVRIKEIAEQVEKIMKSLNLDLSDDSLKDTPERIAKMYVLERFRGLDPRNFPKITLIDNKANVKEMIIVSNIPLESTCESHLETITGTATVAYIPDKKVIGLSKINRIVQYFAHRPQVQERLTKQILTALQTLLETDNVAVAIEAVHACVRDRGIKDKTSTTLTTALGGLFKTDEKTRNEFLNAVRHHN
paper_surrogate_pooled9999_strict_20260520_cath_train_1a8rG01,1a8rG01,7,tier50_01135_target_s01135,50,target:s01135,ridge,96.99365234375,95.93239819004525,0.7652243104806629,PGLSEEAKKVLEALKEKGLLTPVRPPVHDVPDEVRIEEIAEKVRKIMESLNLDLSDDSLKDTPYRIAKMYVLERFRGLDPRNFPKITLIPNKKKVKEMIIVSNIPLESVCESHLETITGTATVAYIPEKNVIGLSKINRIVQYFAHRPQVQERLTKQILEALKTILGTDNVAVAIEARHDCVSNRGIKDKNSTTLTISLGGLFKEDEKTRNEFLNSVRHHN
paper_surrogate_pooled9999_strict_20260520_cath_train_1a8rG01,1a8rG01,8,tier50_01840_target_s01840,50,target:s01840,ridge,96.98246765136719,95.57669683257912,0.7621211263066434,PGLSEEAKKVLEALKKAGLLTPVRPPVHDIPDEVRIKEIAEKVREIMKSLNLDLSDDSLKDTPERIAKMYVNERFRGLDPKNFPKITLIPNKANVKEMIIVDNIPLNSVCESHLETITGTATVAYIPKDKVIGLSKVNRIVQYFASRPQVQERLTKQIRVALQTLLGTDDVAVAIEAVHDCVRNRGIKDKNSTTLTVSLGGKFETDEKTRNEFLNKVRHHN
paper_surrogate_pooled9999_strict_20260520_cath_train_1a8rG01,1a8rG01,9,tier50_00920_target_s00920,50,target:s00920,ridge,96.95704650878906,96.39054298642536,0.7161471849092078,PGLSEEAKKVLAALKEAGLLTPVRPPVHDVPDEVRIKRIAEEIREIMKSLNLDLSDDSLKDTPERIAKMYVLERFRGLDPRNFPKITLIPNKANVKEMIIVSNIPLESVCESHLETISGTATVAYIPDKNVIGLSKVNRIVQYFAHRPQVQERLTQQILVALQTLLGTDNVAVAIEARHDCVRNRGIKDKNSTTLTVSLGGLFKTDEKTRNEFLNAVRHHN
paper_surrogate_pooled9999_strict_20260520_cath_train_1a8rG01,1a8rG01,10,tier50_02266_target_s02266,50,target:s02266,ridge,96.94611358642578,95.9733031674208,0.7551618730177332,PGLSEEAKKVMEALRKAGLLTPVRPPVHDVPDEVRIEEIAEEVREIMKSLNLDLSDDSLKDTPERIAKMYVLERFRGLDPRNFPKITLIDNKKNVKEMIIVSNIPLESVCESHLETITGTATVAYIPKDKVIGLSKVNRIVQFFAHRPQVQERLTQQIRVALMTLLGTDNVAVAIKARHDCVRNRGIKDKTSETLTIALGGEFKTNEKTRNEFLNAVRHHN
paper_surrogate_pooled9999_strict_20260520_cath_train_1a8rG01,1a8rG01,11,tier50_00417_target_s00417,50,target:s00417,ridge,96.9405746459961,95.88561085972854,0.7521375471311652,PGLSEEAKRVMEALAKAGLLTPVRPPVHDIPDEVRIKEIAEKVREIMKSLNLDLSDDSLKDTPERIAKMYVLERFRGLDPRNFPKITLIPNKKKVKEMIIVSNIPLESVCESHLETITGTATVAYIPEKNVIGLSKVNRIVQYFAHRPQVQERLTKQILVALQTLLGTDNVAVAIEARHDCVRNRGIKDKNSTTTTVSLGGKFKTDEKTRNEFLSAVRHHN
paper_surrogate_pooled9999_strict_20260520_cath_train_1a8rG01,1a8rG01,12,tier50_02466_target_s02466,50,target:s02466,ridge,96.88892364501953,95.53398190045249,0.7663604904440369,PGLSEEAKKVLEALKEKGLLTPVRPPVHDVPDEIRVKEIAEKVREIMKSLNLDLSDDSLKDTPERIAKMYVYERFRGLDPRNFPKITKIPNKAKVKEMIIVENIPLESVCESHLETITGTATVAYIPDKVVIGLSKINRIVQYFAHRPQVQERLTQQILVALQTLLGTKNVAVAIEAVHDCVRNRGIKDLNSTTTTYSLGGKFKEDEKTREEFLKKVRHHN
paper_surrogate_pooled9999_strict_20260520_cath_train_1a8rG01,1a8rG01,13,tier50_02628_target_s02628,50,target:s02628,ridge,96.88158416748047,95.76800904977374,0.7418768775584862,PGLSEEAKAVLKALKEKGLLTPVRPPVHDIPDEVRIKEIAEEVRKIMESLNLDLSDDSLKDTPERIAKMYVLERFKGLDPRNFPKITLIPNKANVKEMIIVDNIPLESVCESHLETITGTATVAYIPDKNVIGLSKVNRIVQYFAHRPQVQERLTQQILVALQTLLGTDNVAVAIIARHDCVRNRGIKDLNSETTTVSLGGKFKTDEETRNEFLNKVRHHN
paper_surrogate_pooled9999_strict_20260520_cath_train_1a8rG01,1a8rG01,14,tier50_00927_target_s00927,50,target:s00927,ridge,96.87968444824219,95.76764705882354,0.7430881117395052,PGLSEEAKKVMSALREKGLLTPVRPPVHDVPDEVRIKEIAEKVREIMKSLNLDLSDDSLKDTPERIAKMYVNERFRGLDPRNFPKITLIPNKANVKEMIIVDNIPLISTCESHLETITGTATVAYIPEKNVIGLSKVNRIVQYFAHRPQVQERLTQQILVALQTLLGTKNVAVAIEAVHDCVRNRGIKDKTSTTVTYSLGGLFKEDEKTRNEFLNRVRHHN
paper_surrogate_pooled9999_strict_20260520_cath_train_1a8rG01,1a8rG01,15,tier50_01242_target_s01242,50,target:s01242,ridge,96.87163543701172,95.72276018099544,0.7315209433576401,PGLSEEAKAVLAALREAGLLTPVRPPVHDVPDEIRIKEIAEKVREIMKSLNLDLSDDSLKDTPERIAKMYVNERFIGLDPRNFPKITLIENKENVKEMIIVDNIPLESVCESHLETITGTATVAYIPEKNVIGLSKINRIVQYFAHRPQVQERLTQQILVALQTILGTENVAVAIEAVHDCVRNRGIKDKNSTTTTYALGGKFKSDEKTRNEFLNKVRHHN
paper_surrogate_pooled9999_strict_20260520_cath_train_1a8rG01,1a8rG01,16,tier50_02782_target_s02782,50,target:s02782,ridge,96.86237335205078,95.91099547511314,0.7593207731267807,PGLSEEAKAVLEALKKAGLLTPVRPPVHNVPDEVRIKEIAEKVREIMKELNLDLSDDSLKDTPERIAKMYVLERFRGLDPRNFPKITLIPNKANVKEMIIVDNIPLESTCESHLETITGKATVAYIPKKNVIGLSKINRIVQYFAHRPQVQERLTKQIRVALQTLLGTDDVAVAIEAVHDCVRNRGIKDKTSTTTTYSLGGLFEKDEKTRNEFLNKVRHHN
paper_surrogate_pooled9999_strict_20260520_cath_train_1a8rG01,1a8rG01,17,tier50_00809_target_s00809,50,target:s00809,ridge,96.86225128173828,95.80552036199097,0.769103842006487,PGLSEEAKKVLEALREKGLLTPVRPPVHDVPDEIRIKEIAEKVRKIMESLNLDLSDDSLKDTPERIAKMYVLERFRGLDPRNFPKITKIPNKANVKEMIIVDNIPLESTCESHLETITGKATVAYIPKDVVIGLSKINRIVQYFAHRPQVQERLTQQILVALQTLLGTDDVAVAIEAVHSCVRDRGIKDKTSSTVTYSLGGKFKTDEKTRNEFLNRVRHHN
paper_surrogate_pooled9999_strict_20260520_cath_train_1a8rG01,1a8rG01,18,tier50_02754_target_s02754,50,target:s02754,ridge,96.85523986816406,96.00651583710405,0.7397918312561256,PGLSEEARRVLAALAERGLLTPVRPPVHDVPDEIRIKEIAEKVREIMKSLNLDLSDDSLKDTPERIAKMYVLERFRGLDPRNFPKITLIPNKANVKEMIIVSNIPLESVCESHLETITGKATVAYIPKEKVIGLSKVNRIVQFFAHRPQVQERLTQQILVALQTLLGTDNVAVAIEARHDCVRNRGIKDKNSTTVTISLGGKFKEDEKTRNEFLNAVRHHN
paper_surrogate_pooled9999_strict_20260520_cath_train_1a8rG01,1a8rG01,19,tier50_00874_target_s00874,50,target:s00874,ridge,96.85245513916016,95.84570135746607,0.6617564123754709,PGLSAEAKAVLAALAEAGLLTPVRPPVHDVPKEIRIEEIAEKVREIMKSLNLDLSDDSLKDTPYRIAKMYVLERFRGLDPRNFPKITLIPNKANVKEMIIVSNIPLESVCESHLETITGTATVAYIPEKNVIGLSKINRIVQYFAHRPQVQERLTQQILVALQTLLGTENVAVAIEAKHDCVRNRGIKDKTSTTLTIALGGLFKTDEKTRNEFLNAVRHHN
paper_surrogate_pooled9999_strict_20260520_cath_train_1a8rG01,1a8rG01,20,tier50_02956_target_s02956,50,target:s02956,ridge,96.84113311767578,96.3707692307692,0.7107820980558623,PGLSAEAKAVLEALKKAGLLTPVRPPVHKVPKEKRIAEIAEKVREIMKSLNLDLSDDSLKDTPERIAKMYVEERFIGLDPRNFPKITLIPNKANVKEMIIVSNIPLESTCESHLQTITGTATVAYIPKKNVIGLSKVNRIVQYFAHRPQVQERLTQQILVALQTLLGTKDVAVAITARHDCVSKRGIKDLKSTTTTYALGGRFRTDEKTRNEFLNAVRHHN
paper_surrogate_pooled9999_strict_20260520_cath_val_1a19A00,1a19A00,1,tier70_02954_target_s02954,70,target:s02954,rf,97.81358539325842,97.84325842696633,0.7489525580059125,KKAVINGEEINSIEDLHNTLKKELALPEYYGKNLDALWDCLTGHVEYPLTLTWKQFELSKKRTEGGAEEVLKVFEEAKAEGKDITIILS
paper_surrogate_pooled9999_strict_20260520_cath_val_1a19A00,1a19A00,2,tier70_00938_target_s00938,70,target:s00938,rf,97.79693258426965,97.81460674157306,0.7489525580059125,KKAVINGETINSIEDLHKTLKKELALPEYYGKNLDALWDCLTGHVEYPLTLTWKQFELSKKRTEGGAEEVLEVFKEAKAEGKDITIILS
paper_surrogate_pooled9999_strict_20260520_cath_val_1a19A00,1a19A00,3,tier70_02589_target_s02589,70,target:s02589,rf,97.77925730337076,97.83730337078651,0.7589563616527727,KKAVINGEEINSIEDLHKTLKKELALPEYYGKNLDALWDCLTGHVEYPLTLTWKQFELSKKRTEGGAEEVLEVFREAKAEGKDITIILS
paper_surrogate_pooled9999_strict_20260520_cath_val_1a19A00,1a19A00,4,tier70_03121_target_s03121,70,target:s03121,rf,97.7747910112359,97.75887640449442,0.7589563616527727,KKAVINGETINSIEDLHKELKKELALPEYYGKNLDALWDCLTGHVEYPLTLTWKQFELSKKRTEGGAEEVLEVFKEAKAEGKDITIILS
paper_surrogate_pooled9999_strict_20260520_cath_val_1a19A00,1a19A00,5,tier70_02389_target_s02389,70,target:s02389,rf,97.76352808988766,97.82011235955058,0.763855113067242,KKAVINGETIKSIEDLHETLKKELALPEYYGKNLDALWDCLTGHVEYPLTLTWKQFELSKKNTEGGAEEVLNVFKEAKKEGKDITIILS
paper_surrogate_pooled9999_strict_20260520_cath_val_1a19A00,1a19A00,6,tier70_02364_target_s02364,70,target:s02364,rf,97.76352808988766,97.82707865168543,0.763855113067242,KKAVINGETIKSIEDLHETLKKELALPEYYGKNLDALWDCLTGHVEYPLTLTWKQFELSKKNTEGGAEEVLNVFKEAKKEGKDITIILS
paper_surrogate_pooled9999_strict_20260520_cath_val_1a19A00,1a19A00,7,tier70_02440_target_s02440,70,target:s02440,rf,97.76352808988766,97.837191011236,0.763855113067242,KKAVINGETIKSIEDLHETLKKELALPEYYGKNLDALWDCLTGHVEYPLTLTWKQFELSKKNTEGGAEEVLNVFKEAKKEGKDITIILS
paper_surrogate_pooled9999_strict_20260520_cath_val_1a19A00,1a19A00,8,tier70_03170_target_s03170,70,target:s03170,rf,97.76303370786512,97.86359550561798,0.7386765300425837,KKAVINGETIKSIEDLHETLKKELALPEYYGKNLDALWDCLTGHVEYPLTLTWKQFELSKKNTEGGAEEVLNVFKEAKAEGKDITIILS
paper_surrogate_pooled9999_strict_20260520_cath_val_1a19A00,1a19A00,9,tier70_02811_target_s02811,70,target:s02811,rf,97.76303370786512,97.86393258426963,0.7386765300425837,KKAVINGETIKSIEDLHETLKKELALPEYYGKNLDALWDCLTGHVEYPLTLTWKQFELSKKNTEGGAEEVLNVFKEAKAEGKDITIILS
paper_surrogate_pooled9999_strict_20260520_cath_val_1a19A00,1a19A00,10,tier70_01277_target_s01277,70,target:s01277,rf,97.76303370786512,97.86224719101124,0.7386765300425837,KKAVINGETIKSIEDLHETLKKELALPEYYGKNLDALWDCLTGHVEYPLTLTWKQFELSKKNTEGGAEEVLNVFKEAKAEGKDITIILS
paper_surrogate_pooled9999_strict_20260520_cath_val_1a19A00,1a19A00,11,tier70_02879_target_s02879,70,target:s02879,rf,97.76303370786512,97.86168539325841,0.7386765300425837,KKAVINGETIKSIEDLHETLKKELALPEYYGKNLDALWDCLTGHVEYPLTLTWKQFELSKKNTEGGAEEVLNVFKEAKAEGKDITIILS
paper_surrogate_pooled9999_strict_20260520_cath_val_1a19A00,1a19A00,12,tier70_00384_target_s00384,70,target:s00384,rf,97.76303370786512,97.8658426966292,0.7386765300425837,KKAVINGETIKSIEDLHETLKKELALPEYYGKNLDALWDCLTGHVEYPLTLTWKQFELSKKNTEGGAEEVLNVFKEAKAEGKDITIILS
paper_surrogate_pooled9999_strict_20260520_cath_val_1a19A00,1a19A00,13,tier70_01988_target_s01988,70,target:s01988,rf,97.76303370786512,97.86370786516855,0.7386765300425837,KKAVINGETIKSIEDLHETLKKELALPEYYGKNLDALWDCLTGHVEYPLTLTWKQFELSKKNTEGGAEEVLNVFKEAKAEGKDITIILS
paper_surrogate_pooled9999_strict_20260520_cath_val_1a19A00,1a19A00,14,tier70_00182_target_s00182,70,target:s00182,rf,97.76303370786512,97.86438202247191,0.7386765300425837,KKAVINGETIKSIEDLHETLKKELALPEYYGKNLDALWDCLTGHVEYPLTLTWKQFELSKKNTEGGAEEVLNVFKEAKAEGKDITIILS
paper_surrogate_pooled9999_strict_20260520_cath_val_1a19A00,1a19A00,15,tier70_00897_target_s00897,70,target:s00897,rf,97.76303370786512,97.86842696629215,0.7386765300425837,KKAVINGETIKSIEDLHETLKKELALPEYYGKNLDALWDCLTGHVEYPLTLTWKQFELSKKNTEGGAEEVLNVFKEAKAEGKDITIILS
paper_surrogate_pooled9999_strict_20260520_cath_val_1a19A00,1a19A00,16,tier70_02330_target_s02330,70,target:s02330,rf,97.76303370786512,97.86719101123593,0.7386765300425837,KKAVINGETIKSIEDLHETLKKELALPEYYGKNLDALWDCLTGHVEYPLTLTWKQFELSKKNTEGGAEEVLNVFKEAKAEGKDITIILS
paper_surrogate_pooled9999_strict_20260520_cath_val_1a19A00,1a19A00,17,tier70_00240_target_s00240,70,target:s00240,rf,97.76303370786512,97.86741573033707,0.7386765300425837,KKAVINGETIKSIEDLHETLKKELALPEYYGKNLDALWDCLTGHVEYPLTLTWKQFELSKKNTEGGAEEVLNVFKEAKAEGKDITIILS
paper_surrogate_pooled9999_strict_20260520_cath_val_1a19A00,1a19A00,18,tier70_02620_target_s02620,70,target:s02620,rf,97.76303370786512,97.8665168539326,0.7386765300425837,KKAVINGETIKSIEDLHETLKKELALPEYYGKNLDALWDCLTGHVEYPLTLTWKQFELSKKNTEGGAEEVLNVFKEAKAEGKDITIILS
paper_surrogate_pooled9999_strict_20260520_cath_val_1a19A00,1a19A00,19,tier70_03025_target_s03025,70,target:s03025,rf,97.76303370786512,97.86707865168539,0.7386765300425837,KKAVINGETIKSIEDLHETLKKELALPEYYGKNLDALWDCLTGHVEYPLTLTWKQFELSKKNTEGGAEEVLNVFKEAKAEGKDITIILS
paper_surrogate_pooled9999_strict_20260520_cath_val_1a19A00,1a19A00,20,tier70_01678_target_s01678,70,target:s01678,rf,97.76303370786512,97.86741573033707,0.7386765300425837,KKAVINGETIKSIEDLHETLKKELALPEYYGKNLDALWDCLTGHVEYPLTLTWKQFELSKKNTEGGAEEVLNVFKEAKAEGKDITIILS
paper_surrogate_pooled9999_strict_20260520_cath_val_1advA02,1advA02,1,tier30_03222_target_s03222,30,target:s03222,rf,92.23581219512192,90.59188153310103,0.6415322840738431,AWERAMELARRLMERYGVDPELLARFRGEPEELEALSAVVRRWLEEHRPDLKLTFTTEKSFVLTCGRFLKAYLYAAGGIEYPGYVPTGSALWRHRSDVEPGKLYCLHGSPMLNVGAGVCVHDKGCPGNEFSSKSCGMYFEDKEKAQTAYKCYRAYKKARYPDATSGHDKLLMPTECECNLPHLGRQLPKLTPFELPEAKESDPAKQAFVDYPAVLVFQCCNPPNCDFKISAPDLLEAEELVRELWAEHFEELPAVEIPEFEWSPEFEVVTEALPVPEFDPRELPFDF
paper_surrogate_pooled9999_strict_20260520_cath_val_1advA02,1advA02,2,tier30_01744_target_s01744,30,target:s01744,rf,92.23059163763061,92.07700348432044,0.6273107020059832,AWERAMELARRLMERYGVDPELAAEFRLEPEELEALEAVVRAWLERERPDLKLTFTTEKSFVRTCGRFLFAYLLAAGGIEYPGFVPTGCALWRHKSDVEPGKLYCLHGSPMMNVGAKVCVHDKGKPGNEFSSKSCGMYFEDGEKAQTAFKCYRAYMKAKYPDAKEGHDYLLMPTRCECNEPHLGRQLPKLTPFELPEAKNADAAKKAFVDYPAVLVFQCCNPPNCDFKISAPDLVEAFELVRELWLREFEELPEVEIPEFEWSEEFNVVTESLPVPEFDPRELPFDF
paper_surrogate_pooled9999_strict_20260520_cath_val_1advA02,1advA02,3,tier30_01569_target_s01569,30,target:s01569,rf,92.22963832752612,92.76815331010451,0.682955326440634,AWEEAMERARLLCERYGVDPRLLEEFRLEPEELEALEAVVRRWLEEEHPDLKLTFTTRKSFVRTCGRFLYAYLLAYGGIEYPGFVPTGAALWRHKSDEEPGKLYCLHGSPMLNVGAAVCVHDKGKPGKEFSEKSCGMYFEDKEKAQTAFKCYRAYKKARYPDAKEGHDKLLMPTRCECNEPHLGRQLPKLTPFELPEAEKSDPEEQAFVEYPAVLVFQCCNPPNCDFKISAPDLLKAFELVKELWLSLFEELPEVEIPEFEWSPEFEVVTKSLPVPEFDPRELPFDF
paper_surrogate_pooled9999_strict_20260520_cath_val_1advA02,1advA02,4,tier30_00701_target_s00701,30,target:s00701,rf,92.20851742160278,91.88839721254347,0.6082258204918543,AWERAMEAARELMEKYGVDPELLAEFRGEPEELEALTAVMERYLEEKHPDLKLTFTTRKSFVLTCGRFLYAYLLAYGGIEYPGFVPTGCALWKHKSDEEPGKLYCLHGSPMLNVGAAVCVHDKGMPANKFSEKSCGMYFEDKEKAQTAFRCYRAYKKARYPDAKEGWDYLLFPTRCECNLPHLGRQLPKLTPFELPEAKKADPAKQAFVDYPAVLVFQCCNPPNCDFKISAPDLLEAYELVKELWLEEFEELPEVEIPEFEWSEKFNVVTKALPVPEFDPREYPFDF
paper_surrogate_pooled9999_strict_20260520_cath_val_1advA02,1advA02,5,tier30_02412_target_s02412,30,target:s02412,rf,92.20800034843204,89.99735191637637,0.6693763754686017,AWERAMEAARRLCERYGVDPELLARFRGEPEELEALTAVVRRYLEEHHPDLKLTFTTEKSFVLTCGRFLHAFLLAYGGIEYPGYVPTGAALWTHKSDVEEGKLYCLHGSPMRNVGAGVCVHDKGKEGKEFSSKSCGMYFEDKEKAQEAFKCYRAYKKAKYPDAKEGWDKLLFPTRCECNLPHLGRQLPKLTPFTLEEAREADAAEQAFVDYPAVLVFQCCNPPNCDFKISAPDLDKAFELVKELWGELFEELPEVKIPEFEWSEEFNVRTEALPVPEFDPRELPFDF
paper_surrogate_pooled9999_strict_20260520_cath_val_1advA02,1advA02,6,tier30_00565_target_s00565,30,target:s00565,rf,92.20183797909407,91.45609756097569,0.6787154011469859,AWERAMELARRLCEEYGVDPELLARFRLEPEELEALEAVVENYLETKRPDLKLTFTTRKSFVRTCGRFLFAFLLAYGGIEYPGFVPTGAELWKHKSDVEEGKLYCLHGSPMLNVGAKVCVHDKGKPGKEFSSKSCGMYFEDGEKAQTAFKNYRAYKKARYPNAKEGWDYLLMPTRCECNEPHLGRQLPKLTPFELPEAKEKDPEEEAFKKYPAVLVFQCCNPPNCDFKISAPDLLRAFELVKELWLEHFEELPEVEIPEFKWSEKYNVVTEALPVPEFDPRELPFDF
paper_surrogate_pooled9999_strict_20260520_cath_val_1advA02,1advA02,7,tier30_01797_target_s01797,30,target:s01797,rf,92.18774006968643,92.05895470383274,0.6437727688553729,AWEEAMKAARLLMEKYGVDPELLARFRLEPEELEALEAVVARYLEEKRPDLKLTFTTRKSFVRTCGRFLYAYLLAYGGIEYPGFVPTGCALWTHKSDEEEGKLYCLHGSPMLNKGAAVCVHDEGKPGDEFSSKSCGMYFEDAKKAQEAFKCYKAYKLAKYPDAKEGADKLLMPTRCECNEPHLGRQLPKLTPFELPEAKSADAEKEAFVKYPAVLVFQCCNPPNCDFKISAPDLDKAFELVKELWLEEFEELPEVEIPEFEWSPEYEVVTEALPVPEFDPRELPFDF
paper_surrogate_pooled9999_strict_20260520_cath_val_1advA02,1advA02,8,tier30_02080_target_s02080,30,target:s02080,rf,92.18583414634146,91.23885017421607,0.6814445049493277,AWERAMEAARRLMERYGVDPELRARFRLEPEELEALSAVVERWLEERHPDLKLTFTTRKSFVETCGRFLFAYLLAYGGIEYPGYVPTGAALWRHKSDEEPGKLYCLHGSPMLNVGAGVCVHDKGKPGNEFSEKSCGMYFEDKEKAQTAFKCYRAYKKAKYPDAEEGWDKLLFPTECECNRPHLGRQLPKLTPFELPEAKESDPAKEAFKKYPAVLVFQCCNPPNCDFKISAPDLLEAFELVRELWLEEFEELPEVEIPEFEWSEEFNVVTKALPVPEFDPRELPFDF
paper_surrogate_pooled9999_strict_20260520_cath_val_1advA02,1advA02,9,tier30_00144_target_s00144,30,target:s00144,rf,92.18362334494772,91.592299651568,0.6362267729718896,AWEEAMRLARRLMERYGVDPELLARFRLEPEELEALEAVVETWLERHHPDLKLTFTTRKSFVRTCGRFLFAYLLAAGGIKYPGYVPTGAVLWKHKSDEVPGELYCLHGSPMLNVGAKVCVHDEGKPGNEFSEKSCGMYFEDGEKAQTAFKNYRAYKKARYPDAKEGWDYLLMPTECECNLPHLGRQLPKLTPFELPEAKEADAAKEAFVKYPAVLVFQCCNPPNCDFKISAPDLLEAFELVRELWLEEFEELPEVEIPEFEWSEKYNVVTKSLPVPEFDPRELPFDF
paper_surrogate_pooled9999_strict_20260520_cath_val_1advA02,1advA02,10,tier30_02792_target_s02792,30,target:s02792,rf,92.1823425087108,91.30891986062717,0.6803846524361369,AWERAMELARRLMERYGVDPELLARFRGRPEELEALTAVVERWLEEHRPDLKLTFTTRKSFVRTCGRFLFGFLLAAGGIEYPGFEPTGCALWKHKSDEEPGKLYCLHGSPMLNVGAKVCVHDKGKKGNEFSEKSCGMYFEDGEKAQTAFKNYRAYKKALYPDAKEGWDYLLMPTRCECNEPHLGRQLPKLTPFELPEAKKSDAKEQAFIDYPAVLVFQCCNPPNCDFKISAPDLLEAFELVKELWAEEFEELPEVEIPEFKWSEEFNVVTKSLPVPEFDPRELPFDF
paper_surrogate_pooled9999_strict_20260520_cath_val_1advA02,1advA02,11,tier30_01456_target_s01456,30,target:s01456,rf,92.17930174216028,91.99578397212537,0.6682959159147228,AWERAMEAARLLMERYGVDPELLARFRLEPEELEALEAVVRRWLEEHRPDLKLTFTTEKSFVRTCGRFLFAYLLAYGDIEYPGFVPTGSVLWTHKSDVEEGKLYCLHGSPMLNVGAKVCVHDKGKDGKEFSEKSCGMYFEDGKKAQEAFKCYKAYKKAKYPDAKEGWDKLLMPTRCECNEPHLGRQLPKLTPFELPEAKEADPAKQAFVDYPAVLVFQCCNPPNCDFKISAPDLEEAKELVEELWAELFPELPRVEIPEFEWSEEYNVVTKALPVPEFDPRELPFDF
paper_surrogate_pooled9999_strict_20260520_cath_val_1advA02,1advA02,12,tier30_02941_target_s02941,30,target:s02941,rf,92.16924111498254,92.16236933797914,0.608889834858507,AWEEAMKLARLLCEKYKVDPELLANFKLEPEELEALTAVMENYLKTHRPDLKLTFTTEKSFVRTCGRFLFGFLLAAGGIEYPGFVPTGAALWRHRSDEVPGELYCLHGSPMMNVGAKVCVHDKGKKGSEFSSKSCGMYFEDGEKAQEAYRCYRAYMRARYPDATEGWDRLLFPTRCECNEPHLGRQLPKLTPFELPEAKAADAEAQAFVDYPAVLVFQCCNPPNCDFKISAPDLVRAFELVRELWLEEFEELPEVEIPEFEWSEEFNVVTEALPVPEFDPRKYPFDF
paper_surrogate_pooled9999_strict_20260520_cath_val_1advA02,1advA02,13,tier30_02937_target_s02937,30,target:s02937,rf,92.13610627177702,91.66616724738674,0.7057235242130648,AWERAMELARRLCERYGVDPELLAEFRGEPEELEALTAVVGNWVRRHRPDLKLTFTTEKSFLRTCGRFLKAYLYAAGGIEYPGYVPTGAALWTHKSDKEEGKLYCLHGSPMLNVGAGVCVHDKGKPGKEFSEKSCGMYFEDKEKAQTAFKNYSAYKKAKYPNATEGWDKLLMPTRCECNEPHLGRQLPKLTPFELPEAKNLDEEKEAFVKYPAVLVFQCCNPPNCDFKISAPDLDRAKELVEELWLEEFEELPEVKIPEFEWSPEFEVRTKALPVPEPDPRELPFDF
paper_surrogate_pooled9999_strict_20260520_cath_val_1advA02,1advA02,14,tier30_02625_target_s02625,30,target:s02625,rf,92.13553240418122,91.45170731707319,0.6550369542908506,AWERAMELARELMEKYGVDEELLARFRGEPEELEALSAVVRNYLKEKRPDLKLTFTTEKSFVDTCGRFLYAFLLAAGGIEYPGFVPTGAVLWTHKSDEKEGELYCLHGSPMLNVGAAVCVHDKGKPGNEFSSKSCGMYFEDKEKAQTAYKCYKAYKKARYPNAKEGWDKLLMPTECECNRPHLGRQLPKLTPFELPEAKESDPAEEAFVKYPAVLVFQCCNPPNCDFKISAPDLLEAFELVRELWLEEYDELPPVEIPEFQWSPEYEVVTEALPVPEPDPRELPFDF
paper_surrogate_pooled9999_strict_20260520_cath_val_1advA02,1advA02,15,tier30_02871_target_s02871,30,target:s02871,rf,92.1352738675958,90.00219512195116,0.6793229331022568,AWEEAMRLARRLCERYGVDPRLLAEFRGEPGELEALSAVVENWLKRHRPDLKLTFTTEKSFVRTCGRFLFGYLLAAGGIRYPGFEPTGCALWTHKSWKEEGKLYCLHGSPMLNVGAAKCVHDKGKDGDTFSSKSCGMYFEDKEKAIEAYKCYAAYKKAKYPDAKEGWDKLLMPTRCECNEPHLGRQLPKLTPFELPEAKESDEAEKAFVEYPAVLVFQCCNPPNCDFKISAPDLEEAFELVRELWLEEFEELPEVEIPEFEWSEEYNVVTEALPVPEPDPRELPFDF
paper_surrogate_pooled9999_strict_20260520_cath_val_1advA02,1advA02,16,tier30_00463_target_s00463,30,target:s00463,rf,92.13196515679445,92.307456445993,0.6693763754686017,AWERAMEAARRLMEKYEVDPELLARFRLEPGELEALEAVVENYLKEKLPDLKLTFTTRKSFVRTCGRFLFAYLLAYGGIEYPGFVPTGAALWTHKSDEEPGKLYCLHGSEMLNVGAKVCVHDKGKKGKEFSEKSCGMYFEDGEKAQTAFRNYRAYKKARYPDAKEGWDKLLMPTRCECNEPHLGRQLPKLTPFELPEAKEADPEKQAFVDYPAVLVFQCCNPPNCDFKISAPDLLRAYEIVKELWLEEFEELPEVEIPEFEWSEEFNVVTKALPVPEFDPRELPFDF
paper_surrogate_pooled9999_strict_20260520_cath_val_1advA02,1advA02,17,tier30_03189_target_s03189,30,target:s03189,rf,92.12754529616727,91.81202090592328,0.6656645678690386,AWERAMEAARRLMERYGVDPELLARFRLEPEELEAFTAVMERYLEEKRPDLKLTFTSRKSFVGTCGRFLMAFLYAYGGIEYPGFVPTGAALWKHKNDVEEGKLYCLHGSPMLNVGAGVCVHDAGKDGKTFSEKSCGMYFEDKEKAQTAYKNYRAYKKAKYPNAKEGWDKLLMPTRCECNEPHLGRQLPKLTPFELPEAKEKDEAEKAFVENPAVLVFQCCNPPNCDFKISAPDLLEAFELVKELWLEEFEELPEVEIPEFEWSEEFNVVTKALPVPEFDPRELPFDF
paper_surrogate_pooled9999_strict_20260520_cath_val_1advA02,1advA02,18,tier30_02224_target_s02224,30,target:s02224,rf,92.12748013937285,91.54202090592334,0.6966716353345673,AWEEAMKLARRLMEKYGVDEELIREFRLEPEELEALTAVVERYLEEKEPDLELTFTTRKSFVLTCGRFLFGFLLAYGNIEYPGFEPTGCALWTHKSDEEEGKLYCLHGSEMKNVGAKVCVHDEGKKGNEFSSKSCGMYFEDGKKAQEAFKNYRAYKKALYPDAKEGWDKLLFPTRCECNEPHLGRQLPKLTPFELPEAKEADPAAQAFVDYPAVLVFQCCNPPNCDFKISAPDLLEAFELVKKLWKEEFEELPEVKIPEFEWSEEYEVVTEALPVPEPDPRKYPFDF
paper_surrogate_pooled9999_strict_20260520_cath_val_1advA02,1advA02,19,tier30_01293_target_s01293,30,target:s01293,rf,92.12276306620214,91.86787456445994,0.696377031607968,AWERAMELARRLMERYGVDEELRARFRLEPEELEALSAVVENYLEEKHPDLKLTFTTRKSFVRTCGRFLFAYLLAAGGIEYPGFVPTGAALWTHKSDEVPGELYCLHGSPMRNVGAGVCVHDKGKKGNEFSEKSCGMYFEDKEKAQEAYKNYRAYKKAKYPDAKEGWDKLLMPTRCECNEPHLGRQLPKLTPFELEEAKEKDEAEKAFVDYPAVLVFQCCNPPNCDFKISAPDLLEAYELVKELWLEEFEELPEVEIPEFKWSPEFEVVTKALPVPEFDPRELPFDF
paper_surrogate_pooled9999_strict_20260520_cath_val_1advA02,1advA02,20,tier30_00169_target_s00169,30,target:s00169,rf,92.11309965156798,92.42442508710806,0.6591194876115906,AWERAMELARRLMERYGVDPELLAEFRLEPEELEALEAVVRRWLEEHHPDLKLTFTTEKSFVRTCGRFLFAFLLAAGGIEFPGYVPTGAALWKHKSDEEEGKLYCLHGSPMLNVGAKVCVHDKGMPGNKFSSKSCGMYFEDGKKAQEAFKCYRAYKKARYPDAKEGWDYLLMPTKCECNEPHLGRQLPKLTPFELPEAKEKDPEEQAFVDYPAVLVFQCCNPPNCDFKISAPDLLRAFELVKELWLELEDELPEVKIPEFEWSEEFNVVTESLPVPEFDPRIYPFDF
paper_surrogate_pooled9999_strict_20260520_cath_val_1h6wA03,1h6wA03,1,tier70_00465_target_s00465,70,target:s00465,ridge,94.77684020996094,81.61642384105963,0.5908987782086792,TGATLNGRGSTTSTPGVVKLTTTAGSQAGGDASSALAPNADVIHSRGGQTINGTLTINTTLTIPSGGANITGTLNVTGGYINGKRVVTPNEFNRRIPVGSIMMWDADTLPSDLWLPCHGGTVSASKYPLYAKLIGTKYGGTSANPGLPDMR
paper_surrogate_pooled9999_strict_20260520_cath_val_1h6wA03,1h6wA03,2,tier70_01473_target_s01473,70,target:s01473,ridge,93.85799407958984,85.67642384105964,0.5731792690655972,TGATLNGRGSTTSSPGVVKLTTTAGSQAGGDASSALAPNADVVHSRGGQTINGTLTINTTLTIPSGGANITGTLNVTGGYINGVRVVTPNELNRIIPVGSIMMWDADSLPSDLWLPCHGGTVSASKYPLYAKLIGTKYGGTSENPGLPDMR
paper_surrogate_pooled9999_strict_20260520_cath_val_1h6wA03,1h6wA03,3,tier50_00582_target_s00582,50,target:s00582,ridge,93.1905517578125,87.9498675496689,0.6418898646701765,TGATLNGRGSTTSEPGVVKLTTTAGTLAGGDPSSALAPNADVLTSRGGQTINGPLKLKGTLTIKSGGLKITGPLNVKGAYVNGKKVRTPSEYNKIIPVGSIFMWNGSSLPSDAWLPCNGGTVSAAKYPEYAKKIGTKYGGTPENPGIPDMR
paper_surrogate_pooled9999_strict_20260520_cath_val_1h6wA03,1h6wA03,4,tier30_02088_target_s02090,30,target:s02090,ridge,93.08018493652344,76.63311258278146,0.8152119142121349,TAATLAGRGATTTKPGVVKLTYTAGKLADGDPSSALAPNADVLTKRGGQKIKGKLKVKGKVVIKKGGRKVKGKVKRKKAYINGKKVRRKKSRNKRNPVGTIFMYDGDTLPSDRWHFCDGGTLSAKKYPKYAKKYGTKFGGTPENPGLPDMR
paper_surrogate_pooled9999_strict_20260520_cath_val_1h6wA03,1h6wA03,5,tier30_03022_target_s03026,30,target:s03026,ridge,92.97274780273438,82.69377483443705,0.6881582930018576,TPATLRGRGATTTEPGVVKLTYKAGKLADGDPSTALAPNADVVTKRGGQKIKGKLYVKKKIVVKSGGLKIKGKIVAKKAYVNGKKVLVPSELEKINPVGSIFMYSGSTLPSDRWLPCNGGTVSAAEYPEYAKKIGTKFGGTPENPGLPDMR
paper_surrogate_pooled9999_strict_20260520_cath_val_1h6wA03,1h6wA03,6,tier70_02320_target_s02320,70,target:s02320,ridge,92.47924041748047,82.40774834437089,0.6212446390629652,TGATLNGRGSTTSTPGVVKLTTTAGSQAGGDASSALAPNADVLHSRGGQTINGTLTINTTLTIPSGGANITGTLNVTGGYINGKRVVTPNEFERIIPVGSIMMWDADSLPSDLWLPCHGGTVSASKYPEYAKKIGTTYGGTSSNPGLPDMR
paper_surrogate_pooled9999_strict_20260520_cath_val_1h6wA03,1h6wA03,7,tier50_01465_target_s01465,50,target:s01465,ridge,92.0045166015625,86.2128476821192,0.7348435808001406,TGATLNGRGSTTSAPGVVKLTTTAGTLAGGDPSSALAPNADVLTGRGGQTINGPLKIPKTLTVKSGGLKITGKLNVKGAYVNGKKVKTPKEREKRIPVGSIFMWDGDTLPSDRWLPCDGGTVSAKKYPEYAKKIGTKYGGTPENPGLPDMR
paper_surrogate_pooled9999_strict_20260520_cath_val_1h6wA03,1h6wA03,8,tier50_03137_target_s03137,50,target:s03137,ridge,91.85238647460938,87.18900662251654,0.6926878017292073,TGATLNGRKSTTSTPGNVKLTTTAGTLAGGDPGSALAPNADVVTSRGGQTINGPLKIKKTLTIKSGGLKITGKLNVKGAYVNGKKVKTPKDLEKEIPVGAIFMWSGSTLPSDAWLPCNGGTVSAAKYPKYAEKIGTKFGGTPENPGLPDMR
paper_surrogate_pooled9999_strict_20260520_cath_val_1h6wA03,1h6wA03,9,tier70_02120_target_s02120,70,target:s02120,ridge,91.78091430664062,84.73364238410595,0.5497028592451635,TGATLNGRGSTTSTPGVVKLTTTAGSQAGGDASSALAPNADVVHSRGGQTINGTLTINTTLTIPSGGANITGTLNVTGGYINGVRVVTPNELNRIIPVGAIMMWDADTLPSDLWLPCHGGTVSAAKYPLYAKLIGTKYGGTSENPGLPDMR
paper_surrogate_pooled9999_strict_20260520_cath_val_1h6wA03,1h6wA03,10,tier50_00006_target_s00006,50,target:s00006,ridge,91.39176177978516,86.56960264900657,0.7442819334615405,TGATLNGRGSTTSTPGVVKLTTTAGTLAGGDPSSALAPNADVLTSRGGQTINGPLKIKKTLTIKSGGLKITGKLNVKGAYVNGKKVKTPKEKEKKIPVGSIFMWDGDTLPSDKWLFCDGGTVSAKKYPEYAKKIGTKYGGTPENPGLPDMR
paper_surrogate_pooled9999_strict_20260520_cath_val_1h6wA03,1h6wA03,11,tier70_01509_target_s01509,70,target:s01509,ridge,91.35807800292969,82.30622516556289,0.6004684149158568,TGATLNGRGSTTSTPGVVKLTTTAGSQAGGDASSALAANADVLHSRGGQTINGTLTINTTLTIPSGGANITGTLNVTGGYINGKRVVTPNEFNRIIPVGSIMMWDADTLPTDLWHPCHGGTLSASKYPLYAKLIGTKYGGTSENPGLPDMR
paper_surrogate_pooled9999_strict_20260520_cath_val_1h6wA03,1h6wA03,12,tier70_00117_target_s00117,70,target:s00117,ridge,91.33230590820312,81.15741721854309,0.6023734224093241,TGATLNGRGSTTSSPGNVKLTTTAGSQAGGDASSALAPNADVLHSRGGQTINGTLTINTTLTIPSGGANITGTLNVTGGYINGKRVVTPNEFNRLIPVGSIMMWDADTLPSDLWLPCHGGTVSASDYPLYAKLIGTKYGGTSENPGLPDMR
paper_surrogate_pooled9999_strict_20260520_cath_val_1h6wA03,1h6wA03,13,tier30_01750_target_s01752,30,target:s01752,ridge,91.3221664428711,83.20026490066222,0.6560696552854797,TPATLAGRGATTTEPGVVKLTYTAGVLADGDPSTALAPNADVVTSRGGQVVPGKLVVRGPVVVKSGGLKVKGKVVAKKAYVNGKRVRVPEELEKETPVGSIGMFSGDTLPSDRWLPCNGGTVSAADYPEYAKKVGTKYGGTPENPGLPDMR
paper_surrogate_pooled9999_strict_20260520_cath_val_1h6wA03,1h6wA03,14,tier70_00425_target_s00425,70,target:s00425,ridge,91.28353118896484,81.65264900662255,0.5966493197477611,TGATLNGRGSTTSTPGVVKLTTTAGSQAGGDASSALAPNADVLHDRGGQTINGTLTINTTLTIPSGGANITGTLNVTGGYINGVRVVTANEFNRIIPVGSIMMWDADTLPSDLWLPCHGGTVSAAKYPEYAKKIGTKYGGTSENPGLPDMR
paper_surrogate_pooled9999_strict_20260520_cath_val_1h6wA03,1h6wA03,15,tier70_02683_target_s02683,70,target:s02683,ridge,91.23991394042969,81.10827814569535,0.6434107297803109,TGATLNGRGSTTSTPGVVKLTTTAGSQAGGDASSALAPNADVVHSRGGQTINGTLTINTTLTIPSGGANITGTLNVTGGYINGKRVVTPNEYDRVIPVGSIMMWDADTLPSDRWLPCHGGTVSAAKYPKYAEKIGTKYGGTSENPGLPDMR
paper_surrogate_pooled9999_strict_20260520_cath_val_1h6wA03,1h6wA03,16,tier50_01177_target_s01177,50,target:s01177,ridge,91.16228485107422,88.29231788079468,0.6810085575614445,TGATLNGRGSTTSAPGVVKLTTTAGTLAGGDPSSALAPNADVLTSRGGQTINGPLYIPSTLTIPSGGLKITGKLNVKGAYINGKKVRTPKEREKKIPVGAIFMWDGDSLPSDKWLPCNGGTVSASKYPKYAKKIGTKFGGTPENPGLPDMR
paper_surrogate_pooled9999_strict_20260520_cath_val_1h6wA03,1h6wA03,17,tier50_00449_target_s00449,50,target:s00449,ridge,91.13410186767578,82.572119205298,0.6789910785281731,TGATLNGRGSTTSTPGNVKLTTTAGTLAGGDPSSALAPNADVITKRGGQTINGPLKIKSTLTIKSGGLKITGKLNVKGAYINGKKVLTPKDLDKIIPVGSIFMWSGSSLPSDKWLPCNGGTVSAAKYPEYAKKIGTKYGGTPENPGIPDMR
paper_surrogate_pooled9999_strict_20260520_cath_val_1h6wA03,1h6wA03,18,tier50_03308_target_s03308,50,target:s03308,ridge,91.1010513305664,82.72132450331125,0.6452319560564884,TGATLNGRGSTTSTPGVVKLTTTAGTLAGGDPSSALAPNADVLTSRGGQTINGPLVVPSTLTVKSGGLKITGKLNAKGAYVNGKRVLTPEELDKIIPVGSIFMWSGSSLPSDKWLPCNGGTVSASKYPEYAKKIGTKYGGTPENPGLPDMR
paper_surrogate_pooled9999_strict_20260520_cath_val_1h6wA03,1h6wA03,19,tier50_02943_target_s02943,50,target:s02943,ridge,91.02529907226562,81.85172185430463,0.5870511162695553,TGATLNGRGSTTSTPGVVKLTTTAGTLAGGDPSSALAPNADVVTSRGGQTINGPLVIKGTLTIKSGGLKITGPLNVKGAYINGKKVLTPSELNKIIPVGSIFMWDGDTLPSDLWLPCNGGTVSASKYPLYAKLIGTKYGGTPENPGLPDMR
paper_surrogate_pooled9999_strict_20260520_cath_val_1h6wA03,1h6wA03,20,tier50_02677_target_s02677,50,target:s02677,ridge,90.95426940917969,89.92721854304634,0.7304331281931893,TGATLNGRGSTTSTPGVVKLTTTAGTLAGGDPSSALAPNADVLTSRGGQTINGPLKIKSTLTIKSGGLNITGKLNVKGAYINGKKVKTKKEDDKKIPVGAIFMWDGDTLPSDKWLFCDGGTVSAKDYPKYAKKIGTKYGGTPENPGLPDMR
