target,arm,rank,seq_id,source,plddt,soluprot,sequence
1a8rG01,expanded,1,sample_0023:28,bioemu,96.34312217194572,0.6668,PVLSPEAQLVRDALQAAGLETPLRPPVHSIDNETRIEEIAKKIEEIMKKLNLDLSDDSLKETPYRIAKMYVEEIFSGLNYENFPKMELIENKMGVKEMVTVRDIPFSSFCESHFVTITGKATVAYIPRDSVIGLSKINRIVNFFAQRPQVQERLTRQILTALQALLGTDNVAVSIDAFHYCVSARGIKDTSSTTTTTAFGGVFATDEKTRKEFLEAVRHHN
1a8rG01,expanded,2,sample_0006:40,bioemu,95.92552036199092,0.6682,PKLSKEAQAVLDALKAAGLETPLRPPVHTVDNETREKVIAEILLEIMKALNLDLNDDSLKETPERIAKMYVNEIFSGLDYENFPKLEIIENKMDVKEMVTVRDIPLTSVCESHFVTIVGKATVAYIPEDSVIGLSKVNRIVQFFARRPQVQERLTQQILTALQTILKTDNVAVSIDAVHYCVSARGIGDDSSRTTTTALGGRFATDPETRAEFLKAVRHHN
1a8rG01,expanded,3,sample_0006:15,bioemu,95.86289592760181,0.6953,PELSPEAQKVLDALRAAGLETPLRPPVHEVDNETRKKEIAKILLEIMKKLNLDLNDDSLKETPERIAKMYVEEIFSGLDYKNFPKLEIIENKMDVDEMVTVRDIPLTSVCESHFVTIEGKATVAYIPKDSVIGLSKINRIVQFFARRPQVQERLTQQILVALQTILGTDNVAVSIDAVHYCVSARGISDLSSRTTTTALGGAFATDPETREEFLKAVRHHN
1a8rG01,expanded,4,sample_0006:5,bioemu,95.75583710407238,0.6976,PVLSEEAQKVLDALKARGLETPLRPPVHVEDNETREKKIAEILLKIMKELNLDLNDDSLKETPERIAKMYVNEIFSGLDYSNFPKLEIIENKMDVDEMVTVRDIPLTSVCESHFVTIVGKATVAYIPKDSVIGLSKINRIVQFFARRPQVQERLTQQILTALQTILGTDNVAVSIDAVHYCVSARGIGDLSSRTTTTALGGEFATDPKTREEFLKAVRHHN
1a8rG01,expanded,5,rfd3_spec-1_0_model_6:11,rfd3,95.42809954751131,0.6862,PGLSPEAQAVREALRAAGLETPLRPPVHSVDNETRIEEIEKQLTNIMKSLNLDLSDDSLKETPKRIAKMYVDEIFSGLDYRNFPKVELIENKMPVGEMVTVRDIPVVSFCESHFVTIVGKATVAYIPKDSVIGLSKINRIVQFFATRPQVQERLTQQILTALQTLLGTDNVAVSIDAKHYCVIARGILDEDSVTTTTALGGGFQKDEKTRKEFLEAVRHHN
1a8rG01,expanded,6,sample_0005:42,bioemu,95.76669683257916,0.7033,PPLSPEAQKVVDALKKAGLETPLRPPVHGEDNETRQKVIAKELREIMKKLNLDLNDDSLKETPERIAKMYVNEIFSGLDYSNFPKIELIENKMDVSEMVTVRDIPVTSICESHFVTITGKATVAYIPKDSVIGLSKVNRIVQFFARRPQVQERLTKQILLALQAILGTDNVAVSIDAKHYCVLARGISDSSSLTTTTALGGIFAEDEETRKEFLDAVRHHN
1a8rG01,expanded,7,sample_0006:27,bioemu,96.0523981900453,0.6694,PKLSPEAQAVKDALQAAGLETPLRPPVHKVDNKTRAENIAKILTEIMKELNLDLSDDSLKETPERIAKMYVEEIFSGLDYSNFPKLEIIENKMDVKEMVTVRDIPLTSVCESHFVTIVGKATVAYIPKDSVIGLSKVNRIVQFFARRPQVQERLTQQILVALQTILKTDNVAVSIDAVHYCVSARGIGDLSSRTTTTALGGEFATDPETRAEFLKAVRHHN
1a8rG01,expanded,8,rfd3_spec-1_0_model_20:30,rfd3,95.8048416289592,0.7301,PGLSEEAQKVKDALDAAGLETPLRPPVHPLDNETRIEEIEKKLTEIMKKLNLDLSDDSLRETPKRIAKMYVDEIFSGLDYRNFPKMEFIENKMEVDEMVTVRDIELESFCESHFVTIKGKATVAYIPKDSVIGLSKINRIVQFFARRPQVQERLTQQILLALQTLLGTDNVAVSIDAKHYCVDARGILDAASTTTTTVLGGIFATDEETRKEFLEAVRHHN
1a8rG01,expanded,9,rfd3_spec-1_0_model_5:2,rfd3,95.39307692307699,0.7046,PGLSPEAQAVKEALEAAGLETPLRPPVHILDNETRFKEIENKLTEIMKKLNLDLSDDSLKETPKRIAKMYVDEIFSGLDYSNFPKVERIENKMKVDEMVTVRDIPITSLCESHFVTIPGKATVAYIPKDSVIGLSKINRIVQFFAKRPQVQERLTRQILIALQVLLETDNVAVSIDAQHYCVAARGIDDGVSTTTTTALGGVFAEDEETRKEFLEAVRHHN
1a8rG01,expanded,10,sample_0005:55,bioemu,96.00764705882355,0.7189,PPLSPEAQKVRDALRKAGLETPLRPPVHGEDNETRRKVIAEELREIMKKLNLDLEDDSLKETPERIAKMYVDEIFSGLDYSNFPKIELIENKMDVSEMVTVRDIPVTSICESHFVTITGKATVAYIPKDSVIGLSKVNRIVQFFARRPQVQERLTEQILLALQAILGTDNVAVSIDAKHYCVLARGISDSSSLTTTTALGGIFATDEETRQEFLDAVRHHN
1a8rG01,expanded,11,sample_0020:22,bioemu,95.59253393665149,0.6726,PELSEEAKRVLEALRKAGLETPLRPPVHDEDNETRVERIAKIMKEIMEKLNLDLSDDSLKETPYRIAKMYVYEIFSGLDYSNFPKLGIIENKMGVTEMVTVRDIPINSFCESHFVTITGKATVAYIPKDSVIGLSKVNRIVSFFASRPQVQERLTQQILVALQALLDTDNVAVSIDATHYCVTARGIKDSSSSTTTTAFGGKFATDPATREEFLAAVRHHN
1a8rG01,expanded,12,sample_0006:38,bioemu,95.80868778280535,0.7021,PELSEEAQKVLDALKAAGLETPLRPPVHEVDNETRENVIAEILKKIMEKLNLDLNDDSLKETPKRIAKMYVNEIFSGLDYKNFPKIELIENKMDVDEMVTVRDIPLVSVCESHFVTIEGKATVAYIPEDSVIGLSKVNRIVQFFARRPQVQERLTQQILTALQTILGTDNVAVSIDAVHYCVSARGIGDLSSRTTTTALGGRFATDPKTREEFLKAVRHHN
1a8rG01,expanded,13,sample_0006:52,bioemu,95.8827601809954,0.7200,PKLSEEAQKVKDALKAAGLETPLRPPVHEVDNETRANKIAEILTEIMKKLNLDLNDDSLKETPKRIAKMYVEEIFSGLDYENFPKLEIIENKMDVDEMVTVRDIPLTSVCESHFVTIEGKATVAYIPEDSVIGLSKVNRIVQFFARRPQVQERLTQQILTALQTILGTDNVAVSIDAIHYCVSARGIGDLSSRTTTTALGGRFATDPETREEFLKAVRHHN
1a8rG01,expanded,14,sample_0025:50,bioemu,95.09167420814481,0.7167,PPLSEEAQKVLDALRAAGLETPLRPPVHEEDNETRIKRIAEELRKIMESLNLDLTDDSLKETPERIAKMYVNEIFSGLDYKNFPKLEKIENKMGVKEMVTVRDIPLESVCESHFVTITGKATVAYIPEDSVIGLSKLNRIVQFFARRPQVQERLTQQILIALQTLLGTDNVAVSIDAKHYCVDARGIDDEASVTTTTAMGGVFATDPETRAEFLDAVRHHN
1a8rG01,expanded,15,sample_0006:28,bioemu,95.93601809954751,0.7067,PELSEEAQKVKDALKAAGLETPLRPPVHEVDNETRAEEIAKKLLEIMKKLNLDLSDDSLKETPKRIAKMYVEEIFSGLDYKNFPKLEIIENKMDVDEMVTVRDIPLTSVCESHFVTIVGKATVAYIPKDSVIGLSKVNRIVQFFARRPQVQERLTQQILTALQTILGTDNVAVSIDAVHYCVSARGIGDLSSRTTTTALGGAFATDPETREEFLKAVRHHN
1a8rG01,expanded,16,sample_0003:12,bioemu,96.24447963800901,0.6756,PKLSEEAKAVEEALKKAGLETPLRPPVHEIDNETRIEKIAKLITEIMKKLNLDLSDDSLKETPERIAKMYVNEIFSGLSYENFPKIELIENKMNVTEMVTVRDIPFTSICESHFVTIVGKATVAYIPEDSVIGLSKVNRIVQFFASRPQVQERLTQQILVALQTILGTDNVAVSIDALHYCVTARGIKDKRSTTTTTALGGVFATDEETRAEFLAAVRHHN
1a8rG01,expanded,17,sample_0006:9,bioemu,96.34660633484164,0.7211,PKLSPEAQKVKDALQSKGLETPLRPPVHEVDNETRKKEIAKILTEIMKKLNLDLSDDSLKETPERIAKMYVEEIFSGLDYENFPKIELIENKMDVKEMVTVRDIPLTSVCESHFVTIVGKATVAYIPKDSVIGLSKINRIVQFFARRPQVQERLTQQILTALQTILGTDNVAVSIDAVHYCVSARGIGDLSSRTTTTALGGAFATDPETREEFLKAVRHHN
1a8rG01,expanded,18,rfd3_spec-1_0_model_20:41,rfd3,95.76312217194568,0.7438,PGLSEEAQAVKKALEERGLETPLRPPVHPLDNETREKEIREKLTEIMKSLNLDLSDDSLKETPTRIAKMYVDEIFSGLDYRNFPKMEFIENKMKVNEMVTVRDIPLESFCESHFVTIRGKATVAYIPKDSVIGLSKINRIVQFFARRPQVQERLTEQILVALQTVLGTDNVAVSIDAKHYCVDARGILDAASTTTTTRLGGIFASSEETRKEFLEAVRHHN
1a8rG01,expanded,19,rfd3_spec-1_0_model_17:42,rfd3,95.67723981900447,0.6920,PSLSPEAEAVRKALEAAGLETPLRPPVHDLDNETREEIIAKELTEIMKSLNLDLSDDSLRETPKRIAKMYVDEIFSGLDYSNFPKVEWIENKMKVGEMVTVRDIPVTSICESHFVTIKGKATVAYIPGDSVIGLSKINRIVQFFASRPQVQERLTRQILIALQTLLKTDNVAVSIDAHHYCVLARGIKDASSVTTTTALGGSFQTDEKTREEFLAAVRHHN
1a8rG01,expanded,20,rfd3_spec-1_0_model_17:24,rfd3,95.29493212669676,0.6883,PSLSPEAEAVRAALEAAGLETPLREPVHDLDNETRIEIIAKKLTEIMKSLNLDLSDDSLKETPKRIAKMYVDEIFSGLDYSNFPKRELIENKMKVGEMVTVRDIPVTSICESHFVTIKGKATVAYIPGDSVIGLSKINRIVQFFASRPQVQERLTQQILVALQTLLGTDNVAVSIDAHHYCVLARGIKDASSVTTTTALGGSFQTDEETRKEFLEAVRHHN
1a8rG01,control,1,target:s02365,single,95.92443438914027,,PGLSEEAKKVLEALKKAGLLTPVRPPVHDVPDEVRIEEIAEEVRKIMEELNLDLSDDSLKDTPYRIAKMYVLERFRGLDPRNFPKITLIPNKANVKEMIIVSNIPLESVCESHLSTITGTATVAYIPDKNVIGLSKINRIVQYFAHRPQVQERLTQQILVALQTLLETDNVAVAITARHDCVRNRGIKDLNSTTTTISLGGKFLEDEETRNEFLNAVRHHN
1a8rG01,control,2,target:s00886,single,95.84533936651586,,PGLSEEAKKVLEALRKAGLLTPVRPPVHDVPDEIRIKEIAEKVRKIMESLNLDLSDDSLKDTPERIAKMYVLERFKGLDPRNFPKITLIPNKEKVREMIIVSNIPLESVCESHLETITGKATVAYIPKEKVIGLSKINRIVQYFAHRPQVQERLTKQILVALQTLLGTEDVAVAIEAVHDCVRNRGIKDKNSTTVTYALGGKFKTDEKTRNEFLESVRHHN
1a8rG01,control,3,target:s02849,single,95.67950226244345,,PGLSEEAKKVLEALKKAGLLTPVRPPVHDVPDEVRIEEIAEKVREIMKSLNLDLSDDSLKDTPYRIAKMYVLERFRGLDPRNFPKITLIPNKANVKEMIIVSNIPLESTCESHLETITGTATVAYIPEKNVIGLSKINRIVQYFAHRPQVQERLTKQILVALQTLLGTDNVAVAIEAVHDCVRNRGIKDKNSTTLTVSLGGKFKTDEKTRNEFLNKVRHHN
1a8rG01,control,4,target:s02016,single,95.78484162895923,,PGLSEEAIKVEKALREAGLLTPVRPPVHDIPDEVRIKEIAEEVRKIMESLNLDLSDDSLKDTPERIAKMYVNEKFRGLDFRNFPKITLIDNKKNVKEMIIVDNIPLESTCESHLETITGKATVAYIPDKKVIGLSKINRIVQYFAHRPQVQERLTQQILVALQTLLETDNVAVSIIARHDCVRNRGIKDKNSVTETHSLGGKFKEDEKTRNEFLNKVRHHN
1a8rG01,control,5,target:s02232,single,95.91868778280538,,PGLSEEAKRVLKALEEKGLMTPVRPPVHDIPDEIRIEEIAEEVRKIMESLNLDLSDDSLKDTPYRIAKMYVLERFRGLDPRNFPKITLIDNKANVKEMIIVDNIPLESVCESHLETITGKATVAYIPKDKVIGLSKVNRIVQYFAHRPQVQERLTQQILVALQTLLGTENVAVAIEAVHSCVSERGIKDKTSTTLTISLGGEFKTNEKTRNEFLNRVRHHN
1a8rG01,control,6,target:s00228,single,95.88018099547511,,PGLSEEAKKVLEALRKKGLLTPVRPPVHDVPDEVRIKEIAEQVEKIMKSLNLDLSDDSLKDTPERIAKMYVLERFRGLDPRNFPKITLIDNKANVKEMIIVSNIPLESTCESHLETITGTATVAYIPDKKVIGLSKINRIVQYFAHRPQVQERLTKQILTALQTLLETDNVAVAIEAVHACVRDRGIKDKTSTTLTTALGGLFKTDEKTRNEFLNAVRHHN
1a8rG01,control,7,target:s01135,single,95.93239819004525,,PGLSEEAKKVLEALKEKGLLTPVRPPVHDVPDEVRIEEIAEKVRKIMESLNLDLSDDSLKDTPYRIAKMYVLERFRGLDPRNFPKITLIPNKKKVKEMIIVSNIPLESVCESHLETITGTATVAYIPEKNVIGLSKINRIVQYFAHRPQVQERLTKQILEALKTILGTDNVAVAIEARHDCVSNRGIKDKNSTTLTISLGGLFKEDEKTRNEFLNSVRHHN
1a8rG01,control,8,target:s01840,single,95.57669683257912,,PGLSEEAKKVLEALKKAGLLTPVRPPVHDIPDEVRIKEIAEKVREIMKSLNLDLSDDSLKDTPERIAKMYVNERFRGLDPKNFPKITLIPNKANVKEMIIVDNIPLNSVCESHLETITGTATVAYIPKDKVIGLSKVNRIVQYFASRPQVQERLTKQIRVALQTLLGTDDVAVAIEAVHDCVRNRGIKDKNSTTLTVSLGGKFETDEKTRNEFLNKVRHHN
1a8rG01,control,9,target:s00920,single,96.39054298642536,,PGLSEEAKKVLAALKEAGLLTPVRPPVHDVPDEVRIKRIAEEIREIMKSLNLDLSDDSLKDTPERIAKMYVLERFRGLDPRNFPKITLIPNKANVKEMIIVSNIPLESVCESHLETISGTATVAYIPDKNVIGLSKVNRIVQYFAHRPQVQERLTQQILVALQTLLGTDNVAVAIEARHDCVRNRGIKDKNSTTLTVSLGGLFKTDEKTRNEFLNAVRHHN
1a8rG01,control,10,target:s02266,single,95.9733031674208,,PGLSEEAKKVMEALRKAGLLTPVRPPVHDVPDEVRIEEIAEEVREIMKSLNLDLSDDSLKDTPERIAKMYVLERFRGLDPRNFPKITLIDNKKNVKEMIIVSNIPLESVCESHLETITGTATVAYIPKDKVIGLSKVNRIVQFFAHRPQVQERLTQQIRVALMTLLGTDNVAVAIKARHDCVRNRGIKDKTSETLTIALGGEFKTNEKTRNEFLNAVRHHN
1a8rG01,control,11,target:s00417,single,95.88561085972854,,PGLSEEAKRVMEALAKAGLLTPVRPPVHDIPDEVRIKEIAEKVREIMKSLNLDLSDDSLKDTPERIAKMYVLERFRGLDPRNFPKITLIPNKKKVKEMIIVSNIPLESVCESHLETITGTATVAYIPEKNVIGLSKVNRIVQYFAHRPQVQERLTKQILVALQTLLGTDNVAVAIEARHDCVRNRGIKDKNSTTTTVSLGGKFKTDEKTRNEFLSAVRHHN
1a8rG01,control,12,target:s02466,single,95.53398190045249,,PGLSEEAKKVLEALKEKGLLTPVRPPVHDVPDEIRVKEIAEKVREIMKSLNLDLSDDSLKDTPERIAKMYVYERFRGLDPRNFPKITKIPNKAKVKEMIIVENIPLESVCESHLETITGTATVAYIPDKVVIGLSKINRIVQYFAHRPQVQERLTQQILVALQTLLGTKNVAVAIEAVHDCVRNRGIKDLNSTTTTYSLGGKFKEDEKTREEFLKKVRHHN
1a8rG01,control,13,target:s02628,single,95.76800904977374,,PGLSEEAKAVLKALKEKGLLTPVRPPVHDIPDEVRIKEIAEEVRKIMESLNLDLSDDSLKDTPERIAKMYVLERFKGLDPRNFPKITLIPNKANVKEMIIVDNIPLESVCESHLETITGTATVAYIPDKNVIGLSKVNRIVQYFAHRPQVQERLTQQILVALQTLLGTDNVAVAIIARHDCVRNRGIKDLNSETTTVSLGGKFKTDEETRNEFLNKVRHHN
1a8rG01,control,14,target:s00927,single,95.76764705882354,,PGLSEEAKKVMSALREKGLLTPVRPPVHDVPDEVRIKEIAEKVREIMKSLNLDLSDDSLKDTPERIAKMYVNERFRGLDPRNFPKITLIPNKANVKEMIIVDNIPLISTCESHLETITGTATVAYIPEKNVIGLSKVNRIVQYFAHRPQVQERLTQQILVALQTLLGTKNVAVAIEAVHDCVRNRGIKDKTSTTVTYSLGGLFKEDEKTRNEFLNRVRHHN
1a8rG01,control,15,target:s01242,single,95.72276018099544,,PGLSEEAKAVLAALREAGLLTPVRPPVHDVPDEIRIKEIAEKVREIMKSLNLDLSDDSLKDTPERIAKMYVNERFIGLDPRNFPKITLIENKENVKEMIIVDNIPLESVCESHLETITGTATVAYIPEKNVIGLSKINRIVQYFAHRPQVQERLTQQILVALQTILGTENVAVAIEAVHDCVRNRGIKDKNSTTTTYALGGKFKSDEKTRNEFLNKVRHHN
1a8rG01,control,16,target:s02782,single,95.91099547511314,,PGLSEEAKAVLEALKKAGLLTPVRPPVHNVPDEVRIKEIAEKVREIMKELNLDLSDDSLKDTPERIAKMYVLERFRGLDPRNFPKITLIPNKANVKEMIIVDNIPLESTCESHLETITGKATVAYIPKKNVIGLSKINRIVQYFAHRPQVQERLTKQIRVALQTLLGTDDVAVAIEAVHDCVRNRGIKDKTSTTTTYSLGGLFEKDEKTRNEFLNKVRHHN
1a8rG01,control,17,target:s00809,single,95.80552036199097,,PGLSEEAKKVLEALREKGLLTPVRPPVHDVPDEIRIKEIAEKVRKIMESLNLDLSDDSLKDTPERIAKMYVLERFRGLDPRNFPKITKIPNKANVKEMIIVDNIPLESTCESHLETITGKATVAYIPKDVVIGLSKINRIVQYFAHRPQVQERLTQQILVALQTLLGTDDVAVAIEAVHSCVRDRGIKDKTSSTVTYSLGGKFKTDEKTRNEFLNRVRHHN
1a8rG01,control,18,target:s02754,single,96.00651583710405,,PGLSEEARRVLAALAERGLLTPVRPPVHDVPDEIRIKEIAEKVREIMKSLNLDLSDDSLKDTPERIAKMYVLERFRGLDPRNFPKITLIPNKANVKEMIIVSNIPLESVCESHLETITGKATVAYIPKEKVIGLSKVNRIVQFFAHRPQVQERLTQQILVALQTLLGTDNVAVAIEARHDCVRNRGIKDKNSTTVTISLGGKFKEDEKTRNEFLNAVRHHN
1a8rG01,control,19,target:s00874,single,95.84570135746607,,PGLSAEAKAVLAALAEAGLLTPVRPPVHDVPKEIRIEEIAEKVREIMKSLNLDLSDDSLKDTPYRIAKMYVLERFRGLDPRNFPKITLIPNKANVKEMIIVSNIPLESVCESHLETITGTATVAYIPEKNVIGLSKINRIVQYFAHRPQVQERLTQQILVALQTLLGTENVAVAIEAKHDCVRNRGIKDKTSTTLTIALGGLFKTDEKTRNEFLNAVRHHN
1a8rG01,control,20,target:s02956,single,96.3707692307692,,PGLSAEAKAVLEALKKAGLLTPVRPPVHKVPKEKRIAEIAEKVREIMKSLNLDLSDDSLKDTPERIAKMYVEERFIGLDPRNFPKITLIPNKANVKEMIIVSNIPLESTCESHLQTITGTATVAYIPKKNVIGLSKVNRIVQYFAHRPQVQERLTQQILVALQTLLGTKDVAVAITARHDCVSKRGIKDLKSTTTTYALGGRFRTDEKTRNEFLNAVRHHN
1a6jA00,expanded,1,sample_0023:49,bioemu,96.56126666666668,0.6240,LSLSEVLSRESCRANVPARSKKEVLRLVAELASELLGVPVEVLYEAILTREKMGSTGLGAGVAIPHGKLPVPVDRPLGIFLRLTEPVAFDAADKRPVDLVFGLFFPPDWEEEHLRALSLIREALSDPELIAKLREARTPEELYRLITGED
1a6jA00,expanded,2,sample_0023:51,bioemu,96.19213333333332,0.6937,LSLSEVLSREACEANVEASSKKEVLEILARRASKLLGVPEEVLLEAILTREKMGSTGLGNGVAIPHGKLPVPVDRPLGIFLRLKKPVAFDAKDKIPVDLVFGLFFPPDWEEEHLKALSRIREALSDPELIKKLREATSEQELYDIITGND
1a6jA00,expanded,3,rfd3_spec-1_0_model_22:26,rfd3,95.70193333333332,0.6022,LDLSGILDPEHSFAEVEAKSKKEALERLAELAARALGVPREVVLEAILTREKMGSTGVGDGIAIPHGKLPESVKRIVGVFLRLTTPVAFDACDNRPVDLLFGLLAPVDREEEHLAILSYISEVLSDPAVAAQLRAARSIEELARLLTGEP
1a6jA00,expanded,4,rfd3_spec-1_0_model_22:18,rfd3,95.97746666666663,0.6253,LDLSDILDPEHSFAEIKAESKKEALRALARLAAKALNLPEEKVLEAILTREKMGSTGVGDGIAIPHGKVDESAKRIVGVFVRLTEPIAFDACDNKPVDLLFGLIGPVDREDEHLEILSYIAAVLSDPAVAAALRAARSLEELFRLLTRRP
1a6jA00,expanded,5,sample_0023:8,bioemu,95.63806666666669,0.7342,LSLSEVLSKEACEAEVEAKSKKEVLELVARRASELLGVPEEVLLEAILTREKMGSTGLGGGVAIPHGKLPVPVDKPLGIFLRLKEPVAFDAKDKRPVDLVFGLFVPPDWEEEHLRLLSRIREALSDPELLERLREARTPEELYRIITGEE
1a6jA00,expanded,6,sample_0023:20,bioemu,95.9068666666667,0.7115,LDLSKVLSKEACVANVEASSKKEVLRLIARRASELLGVPEEVILEAILTREKMGSTGLGKGLAIPHGKLPVPVDRSLGIFLRLKKPVAFDAKDNIPVDLVFGLFTPPDKEEEHLELLSLIRKALEDPELIEKLRKATNEEELYNIITGKE
1a6jA00,expanded,7,sample_0023:24,bioemu,95.98460000000003,0.6973,LSLSEVLSEEACLANVKAESKKEVYRLLAERASELLGVSPEVIYEAILTREKMGSTGLGKGIAIPHGKLPVPVDRPLGIFLRLEKPVAFDAADKQPVDLVFGLFTPPDWEEEHLRLLSRIREALSDPELIEKLREAKTPEELYKVITGEE
1a6jA00,expanded,8,sample_0023:12,bioemu,95.91506666666668,0.6256,LSLSRVLSREACRANVPASSKKEVYELMARLAAELLGVPEEVLLEAILTREKMGSTGLGAGIAIPHGKLPVPVDRPLGVFLRLTEPVAFDAKDKRPVDLVFGLFTPPDWEEEHLELLSAIREALSDPALIERLRAARTPEELYRIITGER
1a6jA00,expanded,9,sample_0023:6,bioemu,96.31733333333335,0.6620,LSLSEVLSKESCLANVPASSKKEVLELVARRAAELLGVPEEVILEAILTREKMGSTGLGNGIAIPHGKLPVPVDRPLGIFLRLTKPVAFDAKDKRPVDLVFGLFVPPDWEEEHLQLLSRVRQALSDPELIEKLRAATSEEELYRIITGER
1a6jA00,expanded,10,sample_0023:9,bioemu,95.40253333333335,0.7024,LSLSEVLSKEACEANVEAKSKKEVYRLVAERASKLLGVPEEVLLEAILTREKMGSTGLGRGVAIPHGKLPVPVDRSLGIFLRLKEPVAFDAKDKIPVDLVFGLFFPPDWEEEHLKALSRIEEALSDPELIERLRAAETPEELYRLITGER
1a6jA00,expanded,11,rfd3_spec-1_0_model_17:43,rfd3,94.86446666666667,0.5673,LDLADVLPRSCVLGPTEAKSKKEALRIAAKLAAKELGLPEEVVYNAILTREKMGSTGVGNGIAIPHGKLPEKLPRCVGVFIKLKNPIAFDAVDKEPVDLLFALLCPEDREELHLRVLSAALAHLSDPAVAAALRAAETAEELWRLLTREP
1a6jA00,expanded,12,rfd3_spec-1_0_model_17:55,rfd3,93.98720000000003,0.5653,LDLSEVLPRSCVLGPTEAKSKKEALRILAELAARELGLPEEVVYEAILTREKMGSTGVGNGIAIPHGKLEADLPRPVGVFVKLTNPIAFDAVDKEPVDLLFGLLSPRSREELHLAVLSALLAHLSDPAVAAALRAATTAEELWRLLTREP
1a6jA00,expanded,13,rfd3_spec-1_0_model_1:28,rfd3,95.9416,0.5699,LDLSLVLTEEGCLPELKAKSKKEAYRKIAEIAAKQLDVPEELVYEAILTREKMGSTGYGNGVAIPHAKLPVDSDKCAGVFARLLPPVAFDAPDGRPVDLVFALVTPESLEELHLEALSTLRAILSDPEVLAALRAARSAAELFRLLTRRP
1a6jA00,expanded,14,rfd3_spec-1_0_model_8:33,rfd3,95.80680000000001,0.7287,LDLKKILKKEAVFVNVEAKSKKELLEIMAEKAGELLNLPKEEIYERILTREKMGSTGFGNGVALPHGKLPESVKETLGVFIKLKTPVAFDAIDGAPVDLVFGLFYPVDREKEHLEALSLLRSRLSDPEVMEKLRNAKTAEELYKIVTEEK
1a6jA00,expanded,15,sample_0010:3,bioemu,94.99519999999998,0.6331,LRLREFLSLETVAVGVKADSKKEVLRIIAERAAKALGLDPEEVYEAILTREKMGSTGLGGGVAIPHGKLDRDIDKPVGVFLRLAKPVAFDAPDGTPVDLVFALLTPKKLADEHLEWLSLVRELLSDPARLAALRAARTSEELYRLLTSDP
1a6jA00,expanded,16,sample_0023:40,bioemu,96.41339999999997,0.6590,LSLSEVLSKESCQANVEATSKKEVYRLLARRASELLGVPEEVIYEAILTREKMGSTGLGQGVALPHGKLPVPVDRILGIFLRLTKPVAFDAADKRPVDLVFGLFTPPDWEEEHLRLLSRIREALADPALIERLRAATTEEELYRLITGEE
1a6jA00,expanded,17,rfd3_spec-1_0_model_2:10,rfd3,96.50200000000004,0.5256,LDLADILRPECVVAAVRAASKKEALRRLGELAAKALGLPAEEVYEAILTREKMGSTGLGRGVAIPHGKLPDSAPRMVGVFLRLTEPVAFDAADGEPVDLLFGLVAPRSQEELHLAALSALRARLSDPAVLAALRAARSAEELYDILTGRR
1a6jA00,expanded,18,sample_0023:4,bioemu,95.08479999999996,0.6447,LDLSVVLSREACRANVEAESKKEVYRLVARLASELLGVPEEVLFEAILTREKMGSTGLGGGIAIPHGKLPVPVDRPLGIFLRLKKPVAFDAKDKRPVDLVFGLFFPPDWEEEHLRLLSLIRQALADPALIERLREARTPEELYRVITGEE
1a6jA00,expanded,19,rfd3_spec-1_0_model_3:7,rfd3,95.93713333333335,0.5722,LDLSSYLRPEGVRVNVVANSKKEALEILARIAAELLNAPEEEVFEAILTREKMGSTGFGNGVAIPHGKLPEKYREIVGVFVKLSKPLAFDALDNKPVDLIFGLLAPKDREEEHLALLSAVLEHLSDPAVAAALRAATTAEELYRLLTGQP
1a6jA00,expanded,20,sample_0023:5,bioemu,94.93673333333335,0.6761,LSLETVLSREACVANVPASSKKEVLELLARRAAELLGVPEEELLEAILTREKMGSTGLGRGIAIPHGKLSVPVDRPLGIFMRLTEPVAFDAADNRPVDLVFGLFVPPDWEEEHLRLLSQIREALSDPKLIERLREARTPEELYELITGKE
1a6jA00,control,1,target:s02968,single,95.18653333333334,,LDISDVLSLENVKTNVEVDSKKEALELIAELAAKQLGVEPKEVLEAILTREKMGSTGIGGGVAIPHGKGPASYKRTVGVFLKLKKPIAFDAVDGEPVDLLFALIIPEDRVEEHLALLSAVRARLSDPALRARLRAATSDEELYALFTGRG
1a6jA00,control,2,target:s03185,single,95.37386666666669,,LDLSDVLSLKNTKVNVEVNSKKEALELISELAAKELNLPPEKVLEAILTREKMGSTGIGDGVAIPHGKGPASLGRTVGVFVKLKTPIAFDAVDGKPVDLFFALIIPSNREEEHLKVLSAVKEKLSDPELRAKLRAAKTAEELYKLFTGKG
1a6jA00,control,3,target:s02143,single,93.49713333333335,,LDLSDVLSLKNVRVNVEVDSKKEALELLAELAAKELNVPAEKVLEAILTREKMGSTGIGDGVAVPHGKLEDSYKRTVGVFLKLKKPIAFDAVDGKPVDLLFGLIIPKNMEEEHLEVLSAVRERLSDPELREKLRAAKTAEELYRLFTGKG
1a6jA00,control,4,target:s01926,single,94.2482,,LDLSDVLSRENVRVNVEVDSKKRALELISELAAKELSLPPEVVFEAILTREKMGSTGIGNGIAIPHGKLDASAKRTVGVFVKLKKPIAFDAVDGQPVDLFFALLIPADQTEAHLHTLSAVAKKLADPALRERLRAAKTAEELYALITDKE
1a6jA00,control,5,target:s02955,single,94.50279999999997,,LDLSDVLSLENTLVNVKVESKKEALRLLSERAAKALNLPPEEVLKAILTREKMGSTGIGDGVAVPHGKLDKSVGRTVGVFLKLEKPIAFDAVDGKPVDLLFGLLIPSDREEEHLAVLSAVRERLSDPELRERLRAAKTDEELYALLTGRG
1a6jA00,control,6,target:s02004,single,94.09440000000004,,LDLSDVLSLENTKVNVEVDSKKEALRLISELAAKQLNVKPEEVLEAILTREKMGSTGIGGGVAVPHGKLKASYKRTVGVFLKLKKPIAFDAVDGQPVDLLFALIVPENQEEEHLAVLSAVRARLSDPALRERLRAAKTAEELYALFTGKR
1a6jA00,control,7,target:s00730,single,95.67346666666663,,LDLSDVLSLSTTAVNVKVKSKKELLEYIAELAAKELNVKPEEVLKAILTREKMGSTGIGDGVAIPHGKGPASYGKTVGVFVKLAEPIAFDAVDGQPVDLVFGLIIPSNMEEEHLQVLSAVRARLSDPALRAALRAAKSAEELYALFTGRG
1a6jA00,control,8,target:s02928,single,95.15539999999996,,LDLSDVLSLSTTKVNVEVKSKKEALELMAELAAKELNVEPEVVLEAILTREKMGSTGIGGGVALPHGKGPKEWGRTVGVFLKLKTPIAFDAVDGQPVDLLFGLIIPEDQEEAHLAVLSAVRAKLADPELRAKLRAAKTAEELYKLFTGKG
1a6jA00,control,9,target:s03218,single,95.44893333333333,,LDLSDVLSLSTTLVNVKVSSKKELLRLIAELAAKELNVKPEEVLEAILTREKMGSTGIGGGVAVPHGKGPDSYGRTVGVFVKLATPIAFDAVDGQPVDLVFALIIPKNQEEEHLAVLSAVRARLSDPALRARLRAATSAEELYALFTGRG
1a6jA00,control,10,target:s01131,single,94.80619999999999,,LDLSDVLSLSTVRNNVKVKSKKEALELMAELAAKELGVEPKEVLEAILTREKMGSTGIGGGVAVPHGKGPDSYGRTVGVFLKLAEPIAFDAVDGEPVDLLFGLIIPSNQEEEHLAVLSAVRARLADPALRARLRAAKTDEELYALLTGKA
1a6jA00,control,11,target:s03317,single,94.90473333333334,,LDLSDVLSLENTKVNVKVKSKKEALELLAELAAKQLGVEPKEVLEAILTREKMGSTGIGDGVAVPHGKGPDSYGRTVGVFLKLAEPIAFDAVDGKPVDLLFGLIIPANREEEHLAVLSAVKAKLSDPELRAKLRAAKTAEELYKLFTGKE
1a6jA00,control,12,target:s02235,single,95.05193333333335,,LDLADVLSLSTTAVNVKVNSKKEALEYISELAAKELNVKPEEVLEAILTREKMGSTGIGGGVAVPHGKGKKEYKRTVGVFVRLATPIAFDAVDGQPVDLLFALIIPEDMEEEHLAVLSAVRARLSDPALRARLRAARTAEELYALFTGRA
1a6jA00,control,13,target:s00660,single,95.61146666666664,,LDLSDVLSLENTKVNVEVDSKKEALELMAELAAKQLGVPAEEVLEAILTREKMGSTGIGGGVAIPHGKGPASWGRTVGVFLKLKKPIAFDAVDGQPVDLLFGLIIPEDQEEAHLAVLSAVRARLSDPELRARLRAAESAEELYALFTGKG
1a6jA00,control,14,target:s00786,single,94.40953333333336,,LDLSDVLSLANTRVNVEVDSKKEALELIAELAAKELGVEPEEVLEAILTREKMGSTGIGGGVAVPHGKGPASLGRTVGVFVKLKKPIAFDAVDGQPVDLLFGLIIPEDQEAAHLAVLSAVRARLADPALRAALRAAKTAEELYALFTGKA
1a6jA00,control,15,target:s01050,single,95.44459999999994,,LDLSDVLSLSQVRNNVEVDSKKEALRLIAELAAKELGVPPEEVLKAILTREKMGSTGIGDGVAIPHGKGPASYGRTVGVFVRLAKPIAFDAVDGKPVDLLFALIIPEDKEEEHLAVLSAVRERLSDPALRERLRAAKTDEELYALFTGKG
1a6jA00,control,16,target:s01802,single,95.1674666666667,,LDLSDVLSLSNTKVNVEVKSKKEALELMAELAAKELNVPPEEVLKAILTREKMGSTGIGDGVAIPHGKGPASLKKTVGVFLKLKEPIAFDAVDGKPVDLLFGLIVPSNQEEEHLKVLSAVKEKLSDPELREKLRAAESDEELYALFTGKG
1a6jA00,control,17,target:s01248,single,94.03413333333333,,LDLSDVLSRENTLTNVKVDSKKELLRLISELAAKSLNVPAEEVLKAILTREKMGSTGIGDGVAIPHGKLKSSYKRTVGVFVKLATPIAFDAVDGKPVDLVFALIIPEDREEEHLAVLSAVRARLSDPALRARLRAATSDEELYRLFTGRG
1a6jA00,control,18,target:s02127,single,93.80079999999997,,LDLSDVLSLENVKNNVEVSSKKEALRLLSELAAKALNVPAEEVYKAILTREKMGSTGIGDGVAIPHGKLKDSYGKTVGVFLKLKTPIAFDAVDGKPVDLLFGLIIPSNKEEEHLKVLSAVKSKLSDPELRAKLRAAKSDEELYALFTGKG
1a6jA00,control,19,target:s01364,single,93.62233333333336,,LDLSDVLSLENTRVNVKVDSKKEALELIAELAAKQLNVPPEEVLKAILTREKMGSTGIGGGVAVPHGKLEDSYGRTVGVFVKLETPIAFDAVDGQPVDLLFALIIPRNMEEEHLEVLSAVRARLADPELRERLRAARTAEELYALFTGRG
1a6jA00,control,20,target:s02358,single,95.52640000000002,,LDLSDVLSLSNTLTNVEVDSKKEALELIAELAAKELGVKPEEVLEAILTREKMGSTGIGNGVALPHGKGPKSYGRTVGVFVKLKKPIAFDAVDGKPVDLLFGLIIPEDREEEHLEVLSAVRERLSDPALREKLRAAKTDEELYALLTGKG
1a19A00,expanded,1,sample_0026:37,bioemu,97.04921348314608,0.7987,KTAVINGKEIKSFEDLHERLKEELGLPDYYGYNLDALWDHLTGGVETPLTLIWENVEESEKITEGGFKEVLEVFEKARAEGKDIHIELS
1a19A00,expanded,2,sample_0026:25,bioemu,97.31101123595508,0.8090,KTAVINGKEIKSWEDLHERLKEKLGLPEYYGYNLDALWDHLTGGVETPLTLIWEDLELSEKITEGGAKKVLEVFERAREEGKDIHIELS
1a19A00,expanded,3,rfd3_spec-1_0_model_9:1,rfd3,91.61752808988761,0.7630,KTVVINGEEIKSIEDLHQMLAKGLNLPEKYGPNLDALWDALTNDVEHPLTIVWENPETSEKNMEEGFEGFLEVLEKAEAEGLVKVVRKE
1a19A00,expanded,4,sample_0026:19,bioemu,93.36955056179775,0.8504,KTVTINGKEIKSFEDLHERLKEELGLPDDYGYNLDALWDHLTNGVETPLTIIWEDLELSEKITEGGAREVLEVFERAREEGKDIHIEIK
1a19A00,expanded,5,sample_0005:18,bioemu,96.75764044943818,0.8362,KEAIINGEEIKSAEDLHETLKKELGLPEYYGTNLDALWDALTGVVEQPLKLIWENPELSEKKTEGEFKKTLETFERAREEGADIEIELS
1a19A00,expanded,6,rfd3_spec-1_0_model_9:28,rfd3,96.69651685393265,0.7746,KTVVINGKEIKSIEDLHQKLAEGLNLPEHYGPNLDALWDALTNHVEHPLTLVWKNREESLENIEEGGEGFLEVLEKAEAEGLVKVVEVD
1a19A00,expanded,7,sample_0028:2,bioemu,91.81022471910113,0.8073,KEAEINGKEIKSAEELHEALRKELEMPEDYGLNLDALWDYLTNVGEFPLKLRWLNYEESVKKTEGYAEKVLGVFEQAREEGSELEIELE
1a19A00,expanded,8,sample_0013:20,bioemu,97.27011235955052,0.8128,KKAVINGKEIESLEDLHERLKEELALPEYYGSNLDALWDCLTGGVEQPLELEWEQFEESKKKTEGGAEKVLEVFEEAREEGADITIILS
1a19A00,expanded,9,sample_0013:22,bioemu,95.4434831460674,0.8296,KKAFINGKEIKSWDDLHERLKEELELPDYYGKNLDALWDALTGGVEQPLELVWEDLEESIKKTEGKFQELLDTFERAREEGADISYSLS
1a19A00,expanded,10,sample_0026:28,bioemu,96.20247191011238,0.7622,KTAVINGKEIKSWEDLHERLKKELNLPEYYGYNLDALWDHLTGGVEYPLTLIWENVELSEKITEGGFKEVLEVFEKAREEGADIHIELS
1a19A00,expanded,11,sample_0012:44,bioemu,89.47573033707863,0.8125,KEAVINGKEIESLEDLHEKLKEELELPEDYGLNLDALWDALTNHLEYPLKLTWLNLEESLKKTEGGSLGVLEAFLRAKEEGKDVEIKIE
1a19A00,expanded,12,sample_0016:51,bioemu,96.76056179775277,0.8251,KEAEINGKEISSWSELHERLREELGLPESYGENLDALWDALTNVVEYPLKLTWHDFELSVKKTEGKAREVLGVFEQAKKEGKEIEIELS
1a19A00,expanded,13,sample_0026:32,bioemu,96.81786516853934,0.8293,KTATINGKEIKSWEDLHERLKEELGLPDYYGYNLDALWDHLTGGVETPLTLIWEDVELSEKITEGKFKEVLEVFERAREEGKDIHIELS
1a19A00,expanded,14,sample_0025:41,bioemu,96.66303370786515,0.7178,KEAVINGEEITSEEDLHEALKKELGLPEYYGNNLDALWDALTGYVEAPLTLRWENVELSKERTEGYFEEVLQLFEQAIKEGLDLKLGLS
1a19A00,expanded,15,sample_0026:23,bioemu,97.01977528089888,0.8135,KTATINGKEIKSWEDLHERLKEKLNLPEYYGYNLDALWDHLTGGVETPLTLIWENVELSEKITEGGFKEVLEVFEKARKEGKDIHIELS
1a19A00,expanded,16,sample_0026:21,bioemu,96.56921348314609,0.8293,KEAVINGKEIKSWEDLHERLKEKLNLPEYYGYNLDALWDHLTGGVETPLTLIWENVEESEKITEGGFKKVLEVFERARKEGKDIKIELS
1a19A00,expanded,17,rfd3_spec-1_0_model_8:39,rfd3,96.95337078651684,0.7758,KTAVINGEEIHSLEDLHNILKEKLNLPDYYGSNLDALWDYLTGEVEEPLTLIWENAELSKKRTEEGFEHTLERFERARAEGLDLTVILS
1a19A00,expanded,18,rfd3_spec-1_0_model_9:1,rfd3,92.52764044943821,0.7899,KTAIINGKEIKSGEDLHEKLKEELNLPEYYGENLDALWDALTGKVEHPLTLIWINPEESLKNTEEWGEGFLKVFERAEKEGLDKVVFLS
1a19A00,expanded,19,rfd3_spec-1_0_model_9:17,rfd3,92.9860674157303,0.7569,KTAVINGEEIKSGEDLHETLKKELNLPEYYGENLDALWDALTGKVEHPLTLIWKNPEVSLENTEEWGEGFLEVFEKAEAEGLDKVVFLS
1a19A00,expanded,20,sample_0024:31,bioemu,96.87629213483147,0.7742,KKARINGKEISSFEDLHEKLKKELDLPEYYGLNLDALWDALTGAVEYPLHLLWEDFELSLEKTEGGAQKLLETFERAKEEGVDLSYELS
1a19A00,control,1,target:s02954,single,97.84325842696633,,KKAVINGEEINSIEDLHNTLKKELALPEYYGKNLDALWDCLTGHVEYPLTLTWKQFELSKKRTEGGAEEVLKVFEEAKAEGKDITIILS
1a19A00,control,2,target:s00938,single,97.81460674157306,,KKAVINGETINSIEDLHKTLKKELALPEYYGKNLDALWDCLTGHVEYPLTLTWKQFELSKKRTEGGAEEVLEVFKEAKAEGKDITIILS
1a19A00,control,3,target:s02589,single,97.83730337078651,,KKAVINGEEINSIEDLHKTLKKELALPEYYGKNLDALWDCLTGHVEYPLTLTWKQFELSKKRTEGGAEEVLEVFREAKAEGKDITIILS
1a19A00,control,4,target:s03121,single,97.75887640449442,,KKAVINGETINSIEDLHKELKKELALPEYYGKNLDALWDCLTGHVEYPLTLTWKQFELSKKRTEGGAEEVLEVFKEAKAEGKDITIILS
1a19A00,control,5,target:s02389,single,97.82011235955058,,KKAVINGETIKSIEDLHETLKKELALPEYYGKNLDALWDCLTGHVEYPLTLTWKQFELSKKNTEGGAEEVLNVFKEAKKEGKDITIILS
1a19A00,control,6,target:s02364,single,97.82707865168543,,KKAVINGETIKSIEDLHETLKKELALPEYYGKNLDALWDCLTGHVEYPLTLTWKQFELSKKNTEGGAEEVLNVFKEAKKEGKDITIILS
1a19A00,control,7,target:s02440,single,97.837191011236,,KKAVINGETIKSIEDLHETLKKELALPEYYGKNLDALWDCLTGHVEYPLTLTWKQFELSKKNTEGGAEEVLNVFKEAKKEGKDITIILS
1a19A00,control,8,target:s03170,single,97.86359550561798,,KKAVINGETIKSIEDLHETLKKELALPEYYGKNLDALWDCLTGHVEYPLTLTWKQFELSKKNTEGGAEEVLNVFKEAKAEGKDITIILS
1a19A00,control,9,target:s02811,single,97.86393258426963,,KKAVINGETIKSIEDLHETLKKELALPEYYGKNLDALWDCLTGHVEYPLTLTWKQFELSKKNTEGGAEEVLNVFKEAKAEGKDITIILS
1a19A00,control,10,target:s01277,single,97.86224719101124,,KKAVINGETIKSIEDLHETLKKELALPEYYGKNLDALWDCLTGHVEYPLTLTWKQFELSKKNTEGGAEEVLNVFKEAKAEGKDITIILS
1a19A00,control,11,target:s02879,single,97.86168539325841,,KKAVINGETIKSIEDLHETLKKELALPEYYGKNLDALWDCLTGHVEYPLTLTWKQFELSKKNTEGGAEEVLNVFKEAKAEGKDITIILS
1a19A00,control,12,target:s00384,single,97.8658426966292,,KKAVINGETIKSIEDLHETLKKELALPEYYGKNLDALWDCLTGHVEYPLTLTWKQFELSKKNTEGGAEEVLNVFKEAKAEGKDITIILS
1a19A00,control,13,target:s01988,single,97.86370786516855,,KKAVINGETIKSIEDLHETLKKELALPEYYGKNLDALWDCLTGHVEYPLTLTWKQFELSKKNTEGGAEEVLNVFKEAKAEGKDITIILS
1a19A00,control,14,target:s00182,single,97.86438202247191,,KKAVINGETIKSIEDLHETLKKELALPEYYGKNLDALWDCLTGHVEYPLTLTWKQFELSKKNTEGGAEEVLNVFKEAKAEGKDITIILS
1a19A00,control,15,target:s00897,single,97.86842696629215,,KKAVINGETIKSIEDLHETLKKELALPEYYGKNLDALWDCLTGHVEYPLTLTWKQFELSKKNTEGGAEEVLNVFKEAKAEGKDITIILS
1a19A00,control,16,target:s02330,single,97.86719101123593,,KKAVINGETIKSIEDLHETLKKELALPEYYGKNLDALWDCLTGHVEYPLTLTWKQFELSKKNTEGGAEEVLNVFKEAKAEGKDITIILS
1a19A00,control,17,target:s00240,single,97.86741573033707,,KKAVINGETIKSIEDLHETLKKELALPEYYGKNLDALWDCLTGHVEYPLTLTWKQFELSKKNTEGGAEEVLNVFKEAKAEGKDITIILS
1a19A00,control,18,target:s02620,single,97.8665168539326,,KKAVINGETIKSIEDLHETLKKELALPEYYGKNLDALWDCLTGHVEYPLTLTWKQFELSKKNTEGGAEEVLNVFKEAKAEGKDITIILS
1a19A00,control,19,target:s03025,single,97.86707865168539,,KKAVINGETIKSIEDLHETLKKELALPEYYGKNLDALWDCLTGHVEYPLTLTWKQFELSKKNTEGGAEEVLNVFKEAKAEGKDITIILS
1a19A00,control,20,target:s01678,single,97.86741573033707,,KKAVINGETIKSIEDLHETLKKELALPEYYGKNLDALWDCLTGHVEYPLTLTWKQFELSKKNTEGGAEEVLNVFKEAKAEGKDITIILS
1advA02,expanded,1,sample_0001_retry_1_2:47,bioemu,90.67606271777002,0.5317,AWERAMARARRLAGRYGVDPEAAAAFRLRPGEVEVLAAVMREWIEKEKPGVKLTFTTEKSFYLVCGRFLLAYLLAEGGVRLEDYNPTGAAWWRHPSLDDEGVLYCLHGSEMVNGEAAVCVHDCDIPPGTCSSKSCGMRFENPEKALTALKCALGAQAALYPEWLKDGNKLLLPTECECNGPWVGRQWPKVTPFEVEGFEVKDGGGEALLKYPYILVFQCCNPPNCDFKISYIDFLKAVELARQLWLREFDRLPEVEIPEFEWEEKYLCRYLPLPVSSPDPLLEPFDF
1advA02,expanded,2,sample_0011:36,bioemu,85.54550522648088,0.5890,AWERAMEVYRRVAARFGVDEELVRAFTGKPEEVEVLAAVARAALETLGPGPPLTFTTEKDYCLVLGRFLLLGLRRLGGLVGEDLEPPGFARWKHTAHLEDGKLYCLHGSEMVNSEAAYCVHDEKKETCNGSEKSCGMYFKDGKKAQEAFKTYRAYLKALYPDAEELHDYLLIPLSCECNDPSMGRQLPKITPFPLDNGWELDPRLAAGVNYPYTLVFQCCNPPNCDFKISALDLLWAYEEARRIWAAVLGEVPGLEIPEFTWSEKYRGRNTPLPKPSLDPLLDPFDF
1advA02,expanded,3,sample_0003:53,bioemu,85.41013937282221,0.5831,AWEAGMAAARELARRYGVDEELIAAFTMQPGEVETLAAIARAYLEKHGVPLDLTFTDEKTFTELVGRFLAGFLAAYAGVSFDKVNPTGAARWTHPPGESKGKLYCLHGSPMVNDKAGRCVHDIDYPENKYSGKSCGMSFKDPEKALKALEGYYAFLKALYPDLKEPANTLLIPVECECNEPKIGRQLPKLTPFDLNTGLKNDKLLDALKKYPYTFVFQCCNPPNCDFKISMPDLELAYLTARELWREVYPEVPEPVLPEFKWSLEYQVRNVPLPVSDDDEPSLPFDF
1advA02,expanded,4,sample_0026:27,bioemu,88.3799651567944,0.5861,AWEPMMALARRLADAYGVDEALRARFTGEPGVVEFLAAVARRWFEEKYEGLPLTFTTEKSFTGMVGRFLRAMLHAYGGIEFPGALPTGTVAWDHKNTLEDGVLYCLHGSKMVNGEAWVCVHDADKPPGKFSEKSCGMYFEDGKKAQEAFKTYYAYKLAKYPDATSGSNLLLMPAYCECNYPPWGRQIPKMTPFTLKPDPEKDKHIKALNTYPAVIVFQCCNPPNCDFKISAIDLEEAREFALELWRAHVDEIPDVEVPEFKWGPEYEVRDYPLPPGPFDRPRDPFDF
1advA02,expanded,5,sample_0001_retry_1_2:43,bioemu,89.58780487804881,0.5244,AWERAMAAARRLLGRYGVDPEAAAAFRLRPGEVEVLAAVMREYVEKEGVGVKLTFTTKKSFYLVCGRFLLAYLLALGGVRAEDWNPTGAALWKHPNLNDEGKLYCLHGSEMVNGEAAICVHDKDIPLGTCSSKSCGMVFEDPEKALTALKCDIGASLAAYPELKENGNYLLLPMECECNGPWQGRQWPKLTPFEVKGFEAKDGFEKALEKYPYILVFQCCNPPNCDFKISFVDFLNAVKIARELWLKEFDELPEVTIPEFEWSEEYLCRYTDLPVDSPDPALGPFDF
1advA02,expanded,6,sample_0001_retry_1_2:24,bioemu,87.27668989547043,0.6436,AWEKAMERARRLMGKYGVDPELAARFRLRPGEVEVLAAVMKEYIDKEKVGVKLTFTTEKSFYLVCGRFLLAYLLAEGGAKVKDYNPTGAALWKHPSLDDKGVLYCLHGSKMVNGKAAICVHDKDIPLGTVSEKSCGMVFEDPEKAETALKNALGSQAARYPELKKKGNYLLLPTECECNGPWQGRQYPKVTPFELKGFDAKDGADEAFKKYPYELVFQCCNPPNCDFKISYRDFLDAVDLAKKLWLKEFDKLPEVEIPEFEWEEKYLGKYTPLPVTSPDPLEEPFDF
1advA02,expanded,7,sample_0026:17,bioemu,88.8309407665505,0.6474,AWEKMMALAERLMDAYGVDEALRAAFTGEPGVVEPLAAVAARWLEERREGLPLTFTTEKSFTLMVGRFLRAMLHAYGGIRYPGASPTGCVAWNHKNSEEKGKLYCLHGSEMVNGEAWRCVHDADKPYGEFSDKSCGMYFEDGKKAEEAYKTYYAYKKAKYPDAKSGTDLLLMPAACECNIPPHGRQIPKLTPFDLKPDPEKDKHLEALNKYPAVLVFQCCNPPNCDFKISAIDLERAREFARELWSAHVDEIPDVEVPEFKWGEDYKVRSYPLPKGPFDKPRVPFDF
1advA02,expanded,8,rfd3_spec-1_0_model_6:41,rfd3,91.27832752613236,0.6157,AWEEMMARMRELLDLFDVDPALAAGLADRPKAVEALAAAMRRWLERERPDLKLTFTSEKLFVRECGRFLLAYVMLAGDVEDADAPPTGVLLWHHRSMDTPGVLLCLHGSEMVNKGAYYCVHDDGKPYTEHSGKSCGMDFEDGEKAYKAILHCAGLWNALYPDDPRGRNHLLVPARCECNPPYCGRQVPKVTPFELEVDPNVDPRLRASLDYPYDLVFQCCNPPNCDFKISQSDLMRARVLVEEFWRRHFPELPRLVVPEFDWESKLVYYDNPLPPVDDDLDPSPFDF
1advA02,expanded,9,sample_0026:49,bioemu,91.27250871080139,0.7008,AWEKGMALARKLMEKYGVDEKLMARFTGEPGVVEPLAAVAEKWLEEKWKGLPLTFTTRKSYTLMIGRFLRAQLHAYAGVSFPGAHPTGCVAWNHKNSEEKGVLYCLHGSKMVNGKAWRCVHDSDKPPGEFSDKSCGMYFEDGEKAEEAYRTYYEYRKAKYPDLTSGADKLLMPAYCECNYPIHGRQIPKLTPFDLEKNEEKDKYKEALNKYPAVLVFQCCNPPNCDFKISAIDLEEARELAKELWSEEVDEIPDVEVPEFKWNEKYKVKSYPLPKGPKDKPEVPFDF
1advA02,expanded,10,rfd3_spec-1_0_model_0_retry_5_1:2,rfd3,89.49703832752617,0.6340,AWEEGMEVARRLMEIYDVDEEVIENFRLRPEDVEAVAALMEKYIKEKYPDFKLTFTSDKVGSLVMGRFLLAHLQQYAGRLLPDAPPAGVVLWPHELDEETKKLTCLHGSEMVNNGAMICVHDADAPPGDYSGKSCGMYFGDEEKAVAAYESVRAYRRALYPDGSLPEGSILLVTDCECNDPALGRQLPKITPFMLSDDVDLDPALYAGVEKPAELVFQCCNPPNCDFKISAFDLLEAHRLVEELWREHFPELPRLRVPEFVWTEDHVFRKTELPVVLPDEDKNPFDF
1advA02,expanded,11,sample_0026:35,bioemu,89.42846689895467,0.6268,AWEKAMALARKLMDEYGVDEAVMATFTGEPGRYEPLAAVAAKWLEKRYKGLPLTFTTKKSFTLLVGRFLAAMLHAYGGIRFPGASPTGFVAWDHRNTEEEGVLYCLHGSKMVNGEAWRCVHDSDKPYGEFSEKSCGMYFDDGKKAEEAYKTYYAYKLAKYPDLTSGANKLLMPAYCECNEPPFGRQIPKMTPFDLKPDPELDKHIEALQKYPAVIVFQCCNPPNCDFKISAIDLEEAREFARELWAEHVDEIPDVEVPEFEWDERYHVRNFPLPPGPTDKPEVPFDF
1advA02,expanded,12,sample_0003:19,bioemu,85.6948083623694,0.6790,AWERGMAMARELADRYGVDEELKAAFTLQPGEVETLEAVARAYVEKHGVELDLTFTDEKVFYKTVGRFLQGFLLAAAGVEFEDVNPTGAAVWRHPEGESEGKLYCLHGSPMVNTDAGRCVHDKDYPEDEYSGKSCGMSFTDPEKALKALEGYYNFLKAIYPELKEPAKELLIPTECECNPPKIGRQLPKLTPFDLREGLKGDKKLEALDKVPYTFVFQCCNPPNCDFKISMPDLEYAYLLAKELWLEEYPEVPEPELPEFKWDERYAVRNTALPLSDSDEPKDPFDF
1advA02,expanded,13,sample_0001_retry_1_2:9,bioemu,90.08547038327525,0.5571,AWERAMELARRLLGHYPVDPAAAAAFRLRPGEVEVLAAVMRAYLEEEKVGVKLTFTTEKSFTLVCGRFLLAYLLAYGGVKLKDYNPTGAALWKHPSLNDEGVLYCLHGSKMVNGEAAICVHDKDIPPGTCSEKSCGMIFKDPKKALTALKNAIGFSLAKYPELAKKGNYLLLPTECECNGPWQGRQFPKLTPFELKGFEAKDGADEAFKKYPYELVFQCCNPPNCDFKISYSDFLNAYKIAKELWLKEFDELPEVEIPEFKWEEKYLCKYYPLPVTAPDPEEEPFDF
1advA02,expanded,14,rfd3_spec-1_0_model_0_retry_5_1:21,rfd3,89.24066202090592,0.5739,AWEKGMEVARALMDRYHVDEDLKKNFKLLPDDIEALAALCKTWLNEHHPDVKLTFTSMKTFALVMGRFLLAYLQQYAEVHYKDHEPTGCVLWPHRCDPVEGKLKCLHGSTMINKDARCCVHDADCPPNDFSGKSCGMFFSEGAKAQAAFKQVEAFNQALYPNAELGAGHLLMPTNCECNNPALGRQLPKLTPFMLSNAVDLDKALLASVEHPALIVFQCCNPPNCDFKISAPDLLQALVMVRSLWDEEFPELPRLRVPEFKWSTEHQYRNVSLPVVLPDERRNPFDF
1advA02,expanded,15,rfd3_spec-1_0_model_3:37,rfd3,88.68198606271781,0.6188,AWEKGMELARKLMDKYHVDEDLKKNFKLLPDYVEALAALCKTWLNEKHKGVKLTFTSEKTFVKVMGRFLLAYLCQYAEVKYKDHEPTGCVLWRHRCSEKEGELKCLHGSTMINKDARCCVHDASCPLNEFSKKSCGMFFSEGKKAYDAFKQVVAFQQAYYPNADLGPGCLLMPRNCECNNPLLGRQIPKLTPFELSNASDLDKAVLASIDHPYLIVFQCCNPPNCDFKISAPDLYRALVMVRSLWEEHLEEVPRLVLPEFKWTTEHQYRNVSLPVVVDDGREEPFDF
1advA02,expanded,16,rfd3_spec-1_0_model_3_retry_3_4:32,rfd3,88.40944250871084,0.5145,AWERAMAARRRLMEAYGVDPALAAVPLDDPRAVEALAAVMRAYLAERFPDLKLTFTSEKDFVRMCGRFLYQQLLAYGEVEPADPLPSGFAAWRHVQGGPDGRLVCLHGSLMVNDGATRCVHDKDSKGDKGSGKSCGMIFKEGMKACEAAANCTALAAARYPDHPIGQGRLLLPVRCECNNPLLGRQIPKFTPFEIKDFEALDPAVRAALKVPYLVVFQCCNPPNCDFKISTLDLLDALAMVEDLWAAHLEEVAELRIPEFVWSEEYCDVNKPLPKVIDDNTGVPFDF
1advA02,expanded,17,rfd3_spec-1_0_model_0_retry_5_1:14,rfd3,88.75324041811844,0.6439,AWEEGMELARRLMREFEVDEEDIENFRIEPEDIEVVAAVMKKWVEKYRPDWKLTFTSDKTGYLVMGRFLLAQLQQYAEKFLPDRPPAGVVLWPHKLDPKTKKLTCLHGSEMVNDGACRCVHDKDAPPGDYSGKSCGMYFGDEEKAVAAWESVEAYTRALYPDGSLPAGSILLITDCECNDPALGRQLPKITPFMLSPDVKVDPALYAGVEKPAELVFQCCNPPNCDFKISAFDLLEAHRLVEELWRELFPEMPPLQVPEFVWSEEHVFRKTELPVVLPDEEKNPFDF
1advA02,expanded,18,rfd3_spec-1_0_model_0_retry_5_1:32,rfd3,87.31895470383276,0.6066,AWEEGMEVARRLMEHYKVDKEVIENFRIEPEDIEAVAAVMKRYVEEKYPDVKLTFTSQKTFNLVMGRFLLAQLQQYAQRFLPDRPPMGVVRWPHSLDPETEKLTCLHGSEMVNKGACVCVHDADAPPGDYSGKSCGMFFGEPEKAVAAFRSVEAYTKALYPDGSLPVGSILLITDCECNDPALGRQLPKLTPFMLSDEVKLDPALYAGVEKPAEIVFQCCNPPNCDFKISAFDLLTAHKLVEDLWKELFPDMPPLQVPEFVWTEEHVFRETELPVVLPDSEKNPFDF
1advA02,expanded,19,sample_0026:33,bioemu,88.51393728222993,0.6735,AWEKMMELAKKLAEKYGVDEKLMAGFTGEPGNVEFLAAVAEKWFEENYKGLPLTFTTKKSFTSLVGRFLEAILHEYGGIKFPGYSPTGCVAWNHKNTKEKGKLYCLHGSEMVNGEAWRCVHDSDKPYGTFSEKSCGMYFEDGKKAEEAFKTYYEYRKAKYPDATSGTDLLLMPAYCECNYPVHGRQIPKLTPFDLEPSPELDADKEALQKGPAVLVFQCCNPPNCDFKISAIDLEEAREFAKKLWSENVDEIPDVKVPEFKWGPDYEVRDYPLPPGPYDKPKIPFDF
1advA02,expanded,20,sample_0000_retry_3_1:30,bioemu,85.94797909407664,0.6158,AWEKAMELARRLMDKYGVDGELRENFSVDPSNPEPLAAIAKNWEKKYGKKIDLTFTTEKSYYLVCGRFLQAYLLAAERVVLDTLNPTGCAWWPHPLTDEPGGLTCLHGSPMTNSKAGHCVHDDDNGPNGWSEKSCGMEFPDLEKAETAVKNYMALRKAKYPGPPTEKNGLLMPILCECNGPIIGRQLPKITPFEYTKPVKGDETYDAYSKYPYGLVFQCCNPPNCDFKISAEDLLEAYERVKEIWLSEYPEVPPVVIPEFVWNDGYRYRHSWLPSVPYDYSWNPFDF
1advA02,control,1,target:s03222,single,90.59188153310103,,AWERAMELARRLMERYGVDPELLARFRGEPEELEALSAVVRRWLEEHRPDLKLTFTTEKSFVLTCGRFLKAYLYAAGGIEYPGYVPTGSALWRHRSDVEPGKLYCLHGSPMLNVGAGVCVHDKGCPGNEFSSKSCGMYFEDKEKAQTAYKCYRAYKKARYPDATSGHDKLLMPTECECNLPHLGRQLPKLTPFELPEAKESDPAKQAFVDYPAVLVFQCCNPPNCDFKISAPDLLEAEELVRELWAEHFEELPAVEIPEFEWSPEFEVVTEALPVPEFDPRELPFDF
1advA02,control,2,target:s01744,single,92.07700348432044,,AWERAMELARRLMERYGVDPELAAEFRLEPEELEALEAVVRAWLERERPDLKLTFTTEKSFVRTCGRFLFAYLLAAGGIEYPGFVPTGCALWRHKSDVEPGKLYCLHGSPMMNVGAKVCVHDKGKPGNEFSSKSCGMYFEDGEKAQTAFKCYRAYMKAKYPDAKEGHDYLLMPTRCECNEPHLGRQLPKLTPFELPEAKNADAAKKAFVDYPAVLVFQCCNPPNCDFKISAPDLVEAFELVRELWLREFEELPEVEIPEFEWSEEFNVVTESLPVPEFDPRELPFDF
1advA02,control,3,target:s01569,single,92.76815331010451,,AWEEAMERARLLCERYGVDPRLLEEFRLEPEELEALEAVVRRWLEEEHPDLKLTFTTRKSFVRTCGRFLYAYLLAYGGIEYPGFVPTGAALWRHKSDEEPGKLYCLHGSPMLNVGAAVCVHDKGKPGKEFSEKSCGMYFEDKEKAQTAFKCYRAYKKARYPDAKEGHDKLLMPTRCECNEPHLGRQLPKLTPFELPEAEKSDPEEQAFVEYPAVLVFQCCNPPNCDFKISAPDLLKAFELVKELWLSLFEELPEVEIPEFEWSPEFEVVTKSLPVPEFDPRELPFDF
1advA02,control,4,target:s00701,single,91.88839721254347,,AWERAMEAARELMEKYGVDPELLAEFRGEPEELEALTAVMERYLEEKHPDLKLTFTTRKSFVLTCGRFLYAYLLAYGGIEYPGFVPTGCALWKHKSDEEPGKLYCLHGSPMLNVGAAVCVHDKGMPANKFSEKSCGMYFEDKEKAQTAFRCYRAYKKARYPDAKEGWDYLLFPTRCECNLPHLGRQLPKLTPFELPEAKKADPAKQAFVDYPAVLVFQCCNPPNCDFKISAPDLLEAYELVKELWLEEFEELPEVEIPEFEWSEKFNVVTKALPVPEFDPREYPFDF
1advA02,control,5,target:s02412,single,89.99735191637637,,AWERAMEAARRLCERYGVDPELLARFRGEPEELEALTAVVRRYLEEHHPDLKLTFTTEKSFVLTCGRFLHAFLLAYGGIEYPGYVPTGAALWTHKSDVEEGKLYCLHGSPMRNVGAGVCVHDKGKEGKEFSSKSCGMYFEDKEKAQEAFKCYRAYKKAKYPDAKEGWDKLLFPTRCECNLPHLGRQLPKLTPFTLEEAREADAAEQAFVDYPAVLVFQCCNPPNCDFKISAPDLDKAFELVKELWGELFEELPEVKIPEFEWSEEFNVRTEALPVPEFDPRELPFDF
1advA02,control,6,target:s00565,single,91.45609756097569,,AWERAMELARRLCEEYGVDPELLARFRLEPEELEALEAVVENYLETKRPDLKLTFTTRKSFVRTCGRFLFAFLLAYGGIEYPGFVPTGAELWKHKSDVEEGKLYCLHGSPMLNVGAKVCVHDKGKPGKEFSSKSCGMYFEDGEKAQTAFKNYRAYKKARYPNAKEGWDYLLMPTRCECNEPHLGRQLPKLTPFELPEAKEKDPEEEAFKKYPAVLVFQCCNPPNCDFKISAPDLLRAFELVKELWLEHFEELPEVEIPEFKWSEKYNVVTEALPVPEFDPRELPFDF
1advA02,control,7,target:s01797,single,92.05895470383274,,AWEEAMKAARLLMEKYGVDPELLARFRLEPEELEALEAVVARYLEEKRPDLKLTFTTRKSFVRTCGRFLYAYLLAYGGIEYPGFVPTGCALWTHKSDEEEGKLYCLHGSPMLNKGAAVCVHDEGKPGDEFSSKSCGMYFEDAKKAQEAFKCYKAYKLAKYPDAKEGADKLLMPTRCECNEPHLGRQLPKLTPFELPEAKSADAEKEAFVKYPAVLVFQCCNPPNCDFKISAPDLDKAFELVKELWLEEFEELPEVEIPEFEWSPEYEVVTEALPVPEFDPRELPFDF
1advA02,control,8,target:s02080,single,91.23885017421607,,AWERAMEAARRLMERYGVDPELRARFRLEPEELEALSAVVERWLEERHPDLKLTFTTRKSFVETCGRFLFAYLLAYGGIEYPGYVPTGAALWRHKSDEEPGKLYCLHGSPMLNVGAGVCVHDKGKPGNEFSEKSCGMYFEDKEKAQTAFKCYRAYKKAKYPDAEEGWDKLLFPTECECNRPHLGRQLPKLTPFELPEAKESDPAKEAFKKYPAVLVFQCCNPPNCDFKISAPDLLEAFELVRELWLEEFEELPEVEIPEFEWSEEFNVVTKALPVPEFDPRELPFDF
1advA02,control,9,target:s00144,single,91.592299651568,,AWEEAMRLARRLMERYGVDPELLARFRLEPEELEALEAVVETWLERHHPDLKLTFTTRKSFVRTCGRFLFAYLLAAGGIKYPGYVPTGAVLWKHKSDEVPGELYCLHGSPMLNVGAKVCVHDEGKPGNEFSEKSCGMYFEDGEKAQTAFKNYRAYKKARYPDAKEGWDYLLMPTECECNLPHLGRQLPKLTPFELPEAKEADAAKEAFVKYPAVLVFQCCNPPNCDFKISAPDLLEAFELVRELWLEEFEELPEVEIPEFEWSEKYNVVTKSLPVPEFDPRELPFDF
1advA02,control,10,target:s02792,single,91.30891986062717,,AWERAMELARRLMERYGVDPELLARFRGRPEELEALTAVVERWLEEHRPDLKLTFTTRKSFVRTCGRFLFGFLLAAGGIEYPGFEPTGCALWKHKSDEEPGKLYCLHGSPMLNVGAKVCVHDKGKKGNEFSEKSCGMYFEDGEKAQTAFKNYRAYKKALYPDAKEGWDYLLMPTRCECNEPHLGRQLPKLTPFELPEAKKSDAKEQAFIDYPAVLVFQCCNPPNCDFKISAPDLLEAFELVKELWAEEFEELPEVEIPEFKWSEEFNVVTKSLPVPEFDPRELPFDF
1advA02,control,11,target:s01456,single,91.99578397212537,,AWERAMEAARLLMERYGVDPELLARFRLEPEELEALEAVVRRWLEEHRPDLKLTFTTEKSFVRTCGRFLFAYLLAYGDIEYPGFVPTGSVLWTHKSDVEEGKLYCLHGSPMLNVGAKVCVHDKGKDGKEFSEKSCGMYFEDGKKAQEAFKCYKAYKKAKYPDAKEGWDKLLMPTRCECNEPHLGRQLPKLTPFELPEAKEADPAKQAFVDYPAVLVFQCCNPPNCDFKISAPDLEEAKELVEELWAELFPELPRVEIPEFEWSEEYNVVTKALPVPEFDPRELPFDF
1advA02,control,12,target:s02941,single,92.16236933797914,,AWEEAMKLARLLCEKYKVDPELLANFKLEPEELEALTAVMENYLKTHRPDLKLTFTTEKSFVRTCGRFLFGFLLAAGGIEYPGFVPTGAALWRHRSDEVPGELYCLHGSPMMNVGAKVCVHDKGKKGSEFSSKSCGMYFEDGEKAQEAYRCYRAYMRARYPDATEGWDRLLFPTRCECNEPHLGRQLPKLTPFELPEAKAADAEAQAFVDYPAVLVFQCCNPPNCDFKISAPDLVRAFELVRELWLEEFEELPEVEIPEFEWSEEFNVVTEALPVPEFDPRKYPFDF
1advA02,control,13,target:s02937,single,91.66616724738674,,AWERAMELARRLCERYGVDPELLAEFRGEPEELEALTAVVGNWVRRHRPDLKLTFTTEKSFLRTCGRFLKAYLYAAGGIEYPGYVPTGAALWTHKSDKEEGKLYCLHGSPMLNVGAGVCVHDKGKPGKEFSEKSCGMYFEDKEKAQTAFKNYSAYKKAKYPNATEGWDKLLMPTRCECNEPHLGRQLPKLTPFELPEAKNLDEEKEAFVKYPAVLVFQCCNPPNCDFKISAPDLDRAKELVEELWLEEFEELPEVKIPEFEWSPEFEVRTKALPVPEPDPRELPFDF
1advA02,control,14,target:s02625,single,91.45170731707319,,AWERAMELARELMEKYGVDEELLARFRGEPEELEALSAVVRNYLKEKRPDLKLTFTTEKSFVDTCGRFLYAFLLAAGGIEYPGFVPTGAVLWTHKSDEKEGELYCLHGSPMLNVGAAVCVHDKGKPGNEFSSKSCGMYFEDKEKAQTAYKCYKAYKKARYPNAKEGWDKLLMPTECECNRPHLGRQLPKLTPFELPEAKESDPAEEAFVKYPAVLVFQCCNPPNCDFKISAPDLLEAFELVRELWLEEYDELPPVEIPEFQWSPEYEVVTEALPVPEPDPRELPFDF
1advA02,control,15,target:s02871,single,90.00219512195116,,AWEEAMRLARRLCERYGVDPRLLAEFRGEPGELEALSAVVENWLKRHRPDLKLTFTTEKSFVRTCGRFLFGYLLAAGGIRYPGFEPTGCALWTHKSWKEEGKLYCLHGSPMLNVGAAKCVHDKGKDGDTFSSKSCGMYFEDKEKAIEAYKCYAAYKKAKYPDAKEGWDKLLMPTRCECNEPHLGRQLPKLTPFELPEAKESDEAEKAFVEYPAVLVFQCCNPPNCDFKISAPDLEEAFELVRELWLEEFEELPEVEIPEFEWSEEYNVVTEALPVPEPDPRELPFDF
1advA02,control,16,target:s00463,single,92.307456445993,,AWERAMEAARRLMEKYEVDPELLARFRLEPGELEALEAVVENYLKEKLPDLKLTFTTRKSFVRTCGRFLFAYLLAYGGIEYPGFVPTGAALWTHKSDEEPGKLYCLHGSEMLNVGAKVCVHDKGKKGKEFSEKSCGMYFEDGEKAQTAFRNYRAYKKARYPDAKEGWDKLLMPTRCECNEPHLGRQLPKLTPFELPEAKEADPEKQAFVDYPAVLVFQCCNPPNCDFKISAPDLLRAYEIVKELWLEEFEELPEVEIPEFEWSEEFNVVTKALPVPEFDPRELPFDF
1advA02,control,17,target:s03189,single,91.81202090592328,,AWERAMEAARRLMERYGVDPELLARFRLEPEELEAFTAVMERYLEEKRPDLKLTFTSRKSFVGTCGRFLMAFLYAYGGIEYPGFVPTGAALWKHKNDVEEGKLYCLHGSPMLNVGAGVCVHDAGKDGKTFSEKSCGMYFEDKEKAQTAYKNYRAYKKAKYPNAKEGWDKLLMPTRCECNEPHLGRQLPKLTPFELPEAKEKDEAEKAFVENPAVLVFQCCNPPNCDFKISAPDLLEAFELVKELWLEEFEELPEVEIPEFEWSEEFNVVTKALPVPEFDPRELPFDF
1advA02,control,18,target:s02224,single,91.54202090592334,,AWEEAMKLARRLMEKYGVDEELIREFRLEPEELEALTAVVERYLEEKEPDLELTFTTRKSFVLTCGRFLFGFLLAYGNIEYPGFEPTGCALWTHKSDEEEGKLYCLHGSEMKNVGAKVCVHDEGKKGNEFSSKSCGMYFEDGKKAQEAFKNYRAYKKALYPDAKEGWDKLLFPTRCECNEPHLGRQLPKLTPFELPEAKEADPAAQAFVDYPAVLVFQCCNPPNCDFKISAPDLLEAFELVKKLWKEEFEELPEVKIPEFEWSEEYEVVTEALPVPEPDPRKYPFDF
1advA02,control,19,target:s01293,single,91.86787456445994,,AWERAMELARRLMERYGVDEELRARFRLEPEELEALSAVVENYLEEKHPDLKLTFTTRKSFVRTCGRFLFAYLLAAGGIEYPGFVPTGAALWTHKSDEVPGELYCLHGSPMRNVGAGVCVHDKGKKGNEFSEKSCGMYFEDKEKAQEAYKNYRAYKKAKYPDAKEGWDKLLMPTRCECNEPHLGRQLPKLTPFELEEAKEKDEAEKAFVDYPAVLVFQCCNPPNCDFKISAPDLLEAYELVKELWLEEFEELPEVEIPEFKWSPEFEVVTKALPVPEFDPRELPFDF
1advA02,control,20,target:s00169,single,92.42442508710806,,AWERAMELARRLMERYGVDPELLAEFRLEPEELEALEAVVRRWLEEHHPDLKLTFTTEKSFVRTCGRFLFAFLLAAGGIEFPGYVPTGAALWKHKSDEEEGKLYCLHGSPMLNVGAKVCVHDKGMPGNKFSSKSCGMYFEDGKKAQEAFKCYRAYKKARYPDAKEGWDYLLMPTKCECNEPHLGRQLPKLTPFELPEAKEKDPEEQAFVDYPAVLVFQCCNPPNCDFKISAPDLLRAFELVKELWLELEDELPEVKIPEFEWSEEFNVVTESLPVPEFDPRIYPFDF
1h6wA03,expanded,1,rfd3_recovered:11,rfd3,80.75112582781455,0.7096,TGATLNGRGSTTSSPGNVKLTTTAGQLAGGDPSSALAPNADVLTSRGGQTINGPLYIPGTLTIKSGGLDITGKLNAKGAYVDGKPVKTPEEDEKEIPVGSIFMWNGDTLPSDKWLPCNGGTVSASKYPKYAEKIGTKFGGTPENPGIPDMR
1h6wA03,expanded,2,rfd3_recovered:13,rfd3,80.50145695364236,0.7346,TGATLNGRGSTTSTPGNVKLTTTAGTLAGGDPSSALAPNADVLTDRGGQTINGPLVIKSTLTVKSGGLKITGKLNVKGAYVNGKKVRTPEEDEKEIPVGSIGMWTGDTLPSDRWLPCDGGTVSAAKYPEYAKKIGTKFGGTPENPGLPDMR
1h6wA03,expanded,3,rfd3_recovered:1,rfd3,82.91655629139072,0.6614,TGATLNGRKSTTSSAGVVKLTTTAGTLAGGDPGSALAPNADVLTKRGGQTINGPLKIKGTLTIKSGGLKITGKLNVKGAYINGKKVLTPEELEKIIPVGSIFMWDGDTLPSDDWLPCNGGTVSAADYPLYAEKIGTKFGGTPENPGLPDMR
1h6wA03,expanded,4,rfd3_recovered:8,rfd3,82.39761589403976,0.5771,TGATLNGRGSTTSTPGVVKLTTTAGSQAGGDASSALAPNADVLHGRGGQTINGTLTINGTLTIPSGGANITGTLNVTGGYINGVRVVTPNELNRIIPVGSIMMWDADTLPSDLWRPCHGGTVSAADYPLYAKLIGTRYGGTSENPGLPDMR
1h6wA03,expanded,5,rfd3_recovered:22,rfd3,85.76231788079474,0.5944,TGATLNGRGSTTSTPGVVKLTTTAGSQAGGDASSALAANADVLHGRGGQTINGTLTINSTLTIKSGGANITGTLNVTGGYINGKRVVTPNELERIIPVGAIMMWDADTLPSDLWLPCHGGTVSAAKYPLYAEKIGTKYGGTSENPGLPDMR
1h6wA03,expanded,6,rfd3_recovered:52,rfd3,78.58264900662247,0.6346,TPATLAGRGATTTEPGVVKLTTVAGVLADGDPSTALAPNADVLTSRGGQTVPGPLVVPGPIVVPSGGLKVKGPIVAKSAYVNGKKVEVPEELELKNPVGSIFMYDGDTLPSDRWHPCNGGTLDAAKYPKYAEKYGTKFGGTPEKPGLPDMR
1h6wA03,expanded,7,rfd3_recovered:36,rfd3,81.73728476821191,0.6021,TGATLNGRGSTTSTPGVVKLTTTAGSQAGGDASSALAPNADVLHGRGGQTINGTLTINGTLTIKSGGANITGTLNVTGGYINGKRVVTPNELERIIPVGAIMMWDADTLPTDLWLPCHGGTVSAAKYPLYAKKIGTKYGGTSENPGLPDMR
1h6wA03,expanded,8,rfd3_recovered:24,rfd3,88.18735099337748,0.6434,TGATLNGRGSTTSTPGVVKLTTTAGVLAGGDPSSALAPNADVLTSRGGQTINGPLKIPGTLTIPSGGLKITGPLNAKGAYINGKKVLTPEELDKIIPVGSIGMWDGDTLPSDKWLFCDGGTVSAAEYPEYAKKIGTKYGGTPENPGLPDMR
1h6wA03,expanded,9,rfd3_recovered:4,rfd3,87.0729139072847,0.6723,TGATLNGRGSTTSTPGVVKLTTTAGTLAGGDPSSALAPNADVITSRGGQTINGPLFIPGTLTIKSGGLNITGPLNAKGAYINGKKVRTPEEDEKVIPVGSIFMWDGDTLPSDRWLPCDGGTVSAAEYPKYAEKIGTKFGGTPENPGIPDMR
1h6wA03,expanded,10,rfd3_recovered:33,rfd3,81.93649006622519,0.7379,TGATLNGRKSTTSTPGVVKLTTTAGTLAGGDPGSALAPNADVITKRGGQTINGPLKIKGTLTIKSGGLKITGKLNVKGAYINGKKVRTKEEDDKIIPVGSIFMWDGDTLPTDKWRPCNGGTLSAADYPEYAKKIGTTFGGTPENPGLPDMR
1h6wA03,expanded,11,rfd3_recovered:53,rfd3,80.42026490066223,0.6842,TGATLNGRGSTTSTPGNVKLTTTAGTLAGGDPSSALAPNADVLTGRGGQTINGPLYIPGTLTIPSGGLKITGKLNAKGAYINGKKVRTPEEEEKIIPVGAIGMWTGSSLPSDKWLPCNGGTVSAEKYPEYAKKIGTKFGGTPENPGLPDMR
1h6wA03,expanded,12,rfd3_recovered:38,rfd3,80.65668874172181,0.6043,TGATLNGRGSTTSAAGVVKLTTTAGSQAGGDASSALAPNADVLHGRGGQTINGTLTINTTLTIKSGGANITGTLNVTGGFINGKRVVTPNEFNRIIPVGSIMMWDADTLPTDLWLPCHGGTVSAAKYPEYAKKIGTKYGGTSENPGLPDMR
1h6wA03,expanded,13,rfd3_recovered:49,rfd3,82.37748344370863,0.6775,TPATLAGRGATTTEPGVVKLTTKAGELADGDPSTALAPNADVITKRGGQVIPGPLVVKGPVVIPSGGLKVKGKVVAKKAYVNGKKVKVPEEDEKINPVGSIFMYDGDTLPSDKWLPCNGGTVSAAEYPEYAKKYGTKFGGTPENPGIPDMR
1h6wA03,expanded,14,rfd3_recovered:6,rfd3,82.211059602649,0.6528,TGATLNGRLSTTSTPGVVKLTTTAGTLAGGDPGSALAPNADVITSRGGQTINGPLKVPGTLTVPSGGLKITGKLNVKGAFINGKPVLTPEDYEKIIPVGSIFMWDGDTLPSDDWLPCNGGTVSAKKYPEYAKKIGTKFGGTPENPGIPDMR
1h6wA03,expanded,15,rfd3_recovered:3,rfd3,85.55735099337744,0.6735,TGATLNGRGSTTSTPGVVKLTTTAGTLAGGDPSSALAPNADVITSRGGQTINGPLVIKGTLTIKKGGLKITGKLNVKGAYINGKKVLTPEELEKIIPVGSIGMWDGDTLPSDAWLPCNGGTVSAEKYPEYAKKIGTKFGGTPENPGIPDMR
1h6wA03,expanded,16,rfd3_recovered:42,rfd3,84.49516556291394,0.6980,TGATLNGRGSTTSTPGVVKLTTTAGTLAGGDPSSALAPNADVLTKRGGQTINGPLKIKGTLTIKSGGLKITGKLNVKGAYINGKKVRTPEEDDKVIPVGAIFMWSGSTLPSDRWRFCNGGTVSAAEYPKYAEKIGTRFGGTPENPGLPDMR
1h6wA03,expanded,17,rfd3_recovered:39,rfd3,84.76105960264903,0.6949,TGATLNGRGSTTSTPGVVKLTTTAGTLAGGDASSALAPNADVLTKRGGQTINGPLKIKGTLTIKSGGLNITGKLNVKGAYVNGKKVLTPEEYDKIIPVGSIFMWDGDTLPSDRWHFCDGGTLSAEKYPEYAKKIGTKFGGTPENPGLPDMR
1h6wA03,expanded,18,rfd3_recovered:31,rfd3,87.103642384106,0.7027,TGATLNGRGSTTSSPGVVKLTTTAGTLAGGDPSSALAPNADVLTSRGGQTINGPLTISGTLTIKSGGLKITGPLNVKGAYINGKRVRTPEEDEKEIPVGSIFMWDGDTLPTDKWLPCNGGTVSAAKYPEYAKKIGTKFGGTPENPGLPDMR
1h6wA03,expanded,19,rfd3_recovered:17,rfd3,86.92311258278141,0.6115,TGATLNGRGSTTSTPGVVKLTTTAGSQAGGDASSALAPNADVLHGRGGQTINGTLTINGTLTIPSGGANITGTLNVTGGYINGKRVVTPNELDRIIPVGAIMMWDADTLPSDLWLPCHGGTVSAADYPEYAKKIGTKYGGTSENPGLPDMR
1h6wA03,expanded,20,rfd3_recovered:20,rfd3,86.50615894039733,0.7014,TGATLNGRKSTTSTPGVVKLTTTAGTLAGGDPGSALAPNADVLTSRGGQTINGPLVIKGTLTIKSGGLKITGKLNAKGAFVNGKRVRTPEEDEKEIPVGAIFMWDGDTLPSDDWLFCDGGTVSAAEYPEYAKKIGTKFGGTPENPGLPDMR
1h6wA03,control,1,target:s00465,single,81.61642384105963,,TGATLNGRGSTTSTPGVVKLTTTAGSQAGGDASSALAPNADVIHSRGGQTINGTLTINTTLTIPSGGANITGTLNVTGGYINGKRVVTPNEFNRRIPVGSIMMWDADTLPSDLWLPCHGGTVSASKYPLYAKLIGTKYGGTSANPGLPDMR
1h6wA03,control,2,target:s01473,single,85.67642384105964,,TGATLNGRGSTTSSPGVVKLTTTAGSQAGGDASSALAPNADVVHSRGGQTINGTLTINTTLTIPSGGANITGTLNVTGGYINGVRVVTPNELNRIIPVGSIMMWDADSLPSDLWLPCHGGTVSASKYPLYAKLIGTKYGGTSENPGLPDMR
1h6wA03,control,3,target:s00582,single,87.9498675496689,,TGATLNGRGSTTSEPGVVKLTTTAGTLAGGDPSSALAPNADVLTSRGGQTINGPLKLKGTLTIKSGGLKITGPLNVKGAYVNGKKVRTPSEYNKIIPVGSIFMWNGSSLPSDAWLPCNGGTVSAAKYPEYAKKIGTKYGGTPENPGIPDMR
1h6wA03,control,4,target:s02090,single,76.63311258278146,,TAATLAGRGATTTKPGVVKLTYTAGKLADGDPSSALAPNADVLTKRGGQKIKGKLKVKGKVVIKKGGRKVKGKVKRKKAYINGKKVRRKKSRNKRNPVGTIFMYDGDTLPSDRWHFCDGGTLSAKKYPKYAKKYGTKFGGTPENPGLPDMR
1h6wA03,control,5,target:s03026,single,82.69377483443705,,TPATLRGRGATTTEPGVVKLTYKAGKLADGDPSTALAPNADVVTKRGGQKIKGKLYVKKKIVVKSGGLKIKGKIVAKKAYVNGKKVLVPSELEKINPVGSIFMYSGSTLPSDRWLPCNGGTVSAAEYPEYAKKIGTKFGGTPENPGLPDMR
1h6wA03,control,6,target:s02320,single,82.40774834437089,,TGATLNGRGSTTSTPGVVKLTTTAGSQAGGDASSALAPNADVLHSRGGQTINGTLTINTTLTIPSGGANITGTLNVTGGYINGKRVVTPNEFERIIPVGSIMMWDADSLPSDLWLPCHGGTVSASKYPEYAKKIGTTYGGTSSNPGLPDMR
1h6wA03,control,7,target:s01465,single,86.2128476821192,,TGATLNGRGSTTSAPGVVKLTTTAGTLAGGDPSSALAPNADVLTGRGGQTINGPLKIPKTLTVKSGGLKITGKLNVKGAYVNGKKVKTPKEREKRIPVGSIFMWDGDTLPSDRWLPCDGGTVSAKKYPEYAKKIGTKYGGTPENPGLPDMR
1h6wA03,control,8,target:s03137,single,87.18900662251654,,TGATLNGRKSTTSTPGNVKLTTTAGTLAGGDPGSALAPNADVVTSRGGQTINGPLKIKKTLTIKSGGLKITGKLNVKGAYVNGKKVKTPKDLEKEIPVGAIFMWSGSTLPSDAWLPCNGGTVSAAKYPKYAEKIGTKFGGTPENPGLPDMR
1h6wA03,control,9,target:s02120,single,84.73364238410595,,TGATLNGRGSTTSTPGVVKLTTTAGSQAGGDASSALAPNADVVHSRGGQTINGTLTINTTLTIPSGGANITGTLNVTGGYINGVRVVTPNELNRIIPVGAIMMWDADTLPSDLWLPCHGGTVSAAKYPLYAKLIGTKYGGTSENPGLPDMR
1h6wA03,control,10,target:s00006,single,86.56960264900657,,TGATLNGRGSTTSTPGVVKLTTTAGTLAGGDPSSALAPNADVLTSRGGQTINGPLKIKKTLTIKSGGLKITGKLNVKGAYVNGKKVKTPKEKEKKIPVGSIFMWDGDTLPSDKWLFCDGGTVSAKKYPEYAKKIGTKYGGTPENPGLPDMR
1h6wA03,control,11,target:s01509,single,82.30622516556289,,TGATLNGRGSTTSTPGVVKLTTTAGSQAGGDASSALAANADVLHSRGGQTINGTLTINTTLTIPSGGANITGTLNVTGGYINGKRVVTPNEFNRIIPVGSIMMWDADTLPTDLWHPCHGGTLSASKYPLYAKLIGTKYGGTSENPGLPDMR
1h6wA03,control,12,target:s00117,single,81.15741721854309,,TGATLNGRGSTTSSPGNVKLTTTAGSQAGGDASSALAPNADVLHSRGGQTINGTLTINTTLTIPSGGANITGTLNVTGGYINGKRVVTPNEFNRLIPVGSIMMWDADTLPSDLWLPCHGGTVSASDYPLYAKLIGTKYGGTSENPGLPDMR
1h6wA03,control,13,target:s01752,single,83.20026490066222,,TPATLAGRGATTTEPGVVKLTYTAGVLADGDPSTALAPNADVVTSRGGQVVPGKLVVRGPVVVKSGGLKVKGKVVAKKAYVNGKRVRVPEELEKETPVGSIGMFSGDTLPSDRWLPCNGGTVSAADYPEYAKKVGTKYGGTPENPGLPDMR
1h6wA03,control,14,target:s00425,single,81.65264900662255,,TGATLNGRGSTTSTPGVVKLTTTAGSQAGGDASSALAPNADVLHDRGGQTINGTLTINTTLTIPSGGANITGTLNVTGGYINGVRVVTANEFNRIIPVGSIMMWDADTLPSDLWLPCHGGTVSAAKYPEYAKKIGTKYGGTSENPGLPDMR
1h6wA03,control,15,target:s02683,single,81.10827814569535,,TGATLNGRGSTTSTPGVVKLTTTAGSQAGGDASSALAPNADVVHSRGGQTINGTLTINTTLTIPSGGANITGTLNVTGGYINGKRVVTPNEYDRVIPVGSIMMWDADTLPSDRWLPCHGGTVSAAKYPKYAEKIGTKYGGTSENPGLPDMR
1h6wA03,control,16,target:s01177,single,88.29231788079468,,TGATLNGRGSTTSAPGVVKLTTTAGTLAGGDPSSALAPNADVLTSRGGQTINGPLYIPSTLTIPSGGLKITGKLNVKGAYINGKKVRTPKEREKKIPVGAIFMWDGDSLPSDKWLPCNGGTVSASKYPKYAKKIGTKFGGTPENPGLPDMR
1h6wA03,control,17,target:s00449,single,82.572119205298,,TGATLNGRGSTTSTPGNVKLTTTAGTLAGGDPSSALAPNADVITKRGGQTINGPLKIKSTLTIKSGGLKITGKLNVKGAYINGKKVLTPKDLDKIIPVGSIFMWSGSSLPSDKWLPCNGGTVSAAKYPEYAKKIGTKYGGTPENPGIPDMR
1h6wA03,control,18,target:s03308,single,82.72132450331125,,TGATLNGRGSTTSTPGVVKLTTTAGTLAGGDPSSALAPNADVLTSRGGQTINGPLVVPSTLTVKSGGLKITGKLNAKGAYVNGKRVLTPEELDKIIPVGSIFMWSGSSLPSDKWLPCNGGTVSASKYPEYAKKIGTKYGGTPENPGLPDMR
1h6wA03,control,19,target:s02943,single,81.85172185430463,,TGATLNGRGSTTSTPGVVKLTTTAGTLAGGDPSSALAPNADVVTSRGGQTINGPLVIKGTLTIKSGGLKITGPLNVKGAYINGKKVLTPSELNKIIPVGSIFMWDGDTLPSDLWLPCNGGTVSASKYPLYAKLIGTKYGGTPENPGLPDMR
1h6wA03,control,20,target:s02677,single,89.92721854304634,,TGATLNGRGSTTSTPGVVKLTTTAGTLAGGDPSSALAPNADVLTSRGGQTINGPLKIKSTLTIKSGGLNITGKLNVKGAYINGKKVKTKKEDDKKIPVGAIFMWDGDTLPSDKWLFCDGGTVSAKDYPKYAKKIGTKYGGTPENPGLPDMR
